-- Automatically generated by SQLQueryTestSuite
-- Number of queries: 3


-- !query
CREATE TABLE t USING PARQUET AS SELECT c1, c2 FROM VALUES(1, 0),(2, 1) AS t(c1, c2)
-- !query schema
struct<>
-- !query output



-- !query
SELECT nanvl(c1, c1/c2 + c1/c2) FROM t
-- !query schema
struct<nanvl(c1, ((c1 / c2) + (c1 / c2))):double>
-- !query output
1.0
2.0


-- !query
DROP TABLE IF EXISTS t
-- !query schema
struct<>
-- !query output

