-- Automatically generated by SQLQueryTestSuite
-- !query
SELECT CAST('1.23' AS int)
-- !query schema
struct<CAST(1.23 AS INT):int>
-- !query output
1


-- !query
SELECT CAST('1.23' AS long)
-- !query schema
struct<CAST(1.23 AS BIGINT):bigint>
-- !query output
1


-- !query
SELECT CAST('-4.56' AS int)
-- !query schema
struct<CAST(-4.56 AS INT):int>
-- !query output
-4


-- !query
SELECT CAST('-4.56' AS long)
-- !query schema
struct<CAST(-4.56 AS BIGINT):bigint>
-- !query output
-4


-- !query
SELECT CAST('abc' AS int)
-- !query schema
struct<CAST(abc AS INT):int>
-- !query output
NULL


-- !query
SELECT CAST('abc' AS long)
-- !query schema
struct<CAST(abc AS BIGINT):bigint>
-- !query output
NULL


-- !query
SELECT CAST('abc' AS float)
-- !query schema
struct<CAST(abc AS FLOAT):float>
-- !query output
NULL


-- !query
SELECT CAST('abc' AS double)
-- !query schema
struct<CAST(abc AS DOUBLE):double>
-- !query output
NULL


-- !query
SELECT CAST('1234567890123' AS int)
-- !query schema
struct<CAST(1234567890123 AS INT):int>
-- !query output
NULL


-- !query
SELECT CAST('12345678901234567890123' AS long)
-- !query schema
struct<CAST(12345678901234567890123 AS BIGINT):bigint>
-- !query output
NULL


-- !query
SELECT CAST('' AS int)
-- !query schema
struct<CAST( AS INT):int>
-- !query output
NULL


-- !query
SELECT CAST('' AS long)
-- !query schema
struct<CAST( AS BIGINT):bigint>
-- !query output
NULL


-- !query
SELECT CAST('' AS float)
-- !query schema
struct<CAST( AS FLOAT):float>
-- !query output
NULL


-- !query
SELECT CAST('' AS double)
-- !query schema
struct<CAST( AS DOUBLE):double>
-- !query output
NULL


-- !query
SELECT CAST(NULL AS int)
-- !query schema
struct<CAST(NULL AS INT):int>
-- !query output
NULL


-- !query
SELECT CAST(NULL AS long)
-- !query schema
struct<CAST(NULL AS BIGINT):bigint>
-- !query output
NULL


-- !query
SELECT CAST('123.a' AS int)
-- !query schema
struct<CAST(123.a AS INT):int>
-- !query output
NULL


-- !query
SELECT CAST('123.a' AS long)
-- !query schema
struct<CAST(123.a AS BIGINT):bigint>
-- !query output
NULL


-- !query
SELECT CAST('123.a' AS float)
-- !query schema
struct<CAST(123.a AS FLOAT):float>
-- !query output
NULL


-- !query
SELECT CAST('123.a' AS double)
-- !query schema
struct<CAST(123.a AS DOUBLE):double>
-- !query output
NULL


-- !query
SELECT CAST('-2147483648' AS int)
-- !query schema
struct<CAST(-2147483648 AS INT):int>
-- !query output
-2147483648


-- !query
SELECT CAST('-2147483649' AS int)
-- !query schema
struct<CAST(-2147483649 AS INT):int>
-- !query output
NULL


-- !query
SELECT CAST('2147483647' AS int)
-- !query schema
struct<CAST(2147483647 AS INT):int>
-- !query output
2147483647


-- !query
SELECT CAST('2147483648' AS int)
-- !query schema
struct<CAST(2147483648 AS INT):int>
-- !query output
NULL


-- !query
SELECT CAST('-9223372036854775808' AS long)
-- !query schema
struct<CAST(-9223372036854775808 AS BIGINT):bigint>
-- !query output
-9223372036854775808


-- !query
SELECT CAST('-9223372036854775809' AS long)
-- !query schema
struct<CAST(-9223372036854775809 AS BIGINT):bigint>
-- !query output
NULL


-- !query
SELECT CAST('9223372036854775807' AS long)
-- !query schema
struct<CAST(9223372036854775807 AS BIGINT):bigint>
-- !query output
9223372036854775807


-- !query
SELECT CAST('9223372036854775808' AS long)
-- !query schema
struct<CAST(9223372036854775808 AS BIGINT):bigint>
-- !query output
NULL


-- !query
SELECT HEX(CAST('abc' AS binary))
-- !query schema
struct<hex(CAST(abc AS BINARY)):string>
-- !query output
616263


-- !query
SELECT HEX(CAST(CAST(123 AS byte) AS binary))
-- !query schema
struct<hex(CAST(CAST(123 AS TINYINT) AS BINARY)):string>
-- !query output
7B


-- !query
SELECT HEX(CAST(CAST(-123 AS byte) AS binary))
-- !query schema
struct<hex(CAST(CAST(-123 AS TINYINT) AS BINARY)):string>
-- !query output
85


-- !query
SELECT HEX(CAST(123S AS binary))
-- !query schema
struct<hex(CAST(123 AS BINARY)):string>
-- !query output
007B


-- !query
SELECT HEX(CAST(-123S AS binary))
-- !query schema
struct<hex(CAST(-123 AS BINARY)):string>
-- !query output
FF85


-- !query
SELECT HEX(CAST(123 AS binary))
-- !query schema
struct<hex(CAST(123 AS BINARY)):string>
-- !query output
0000007B


-- !query
SELECT HEX(CAST(-123 AS binary))
-- !query schema
struct<hex(CAST(-123 AS BINARY)):string>
-- !query output
FFFFFF85


-- !query
SELECT HEX(CAST(123L AS binary))
-- !query schema
struct<hex(CAST(123 AS BINARY)):string>
-- !query output
000000000000007B


-- !query
SELECT HEX(CAST(-123L AS binary))
-- !query schema
struct<hex(CAST(-123 AS BINARY)):string>
-- !query output
FFFFFFFFFFFFFF85


-- !query
DESC FUNCTION boolean
-- !query schema
struct<function_desc:string>
-- !query output
Class: org.apache.spark.sql.catalyst.expressions.Cast
Function: boolean
Usage: boolean(expr) - Casts the value `expr` to the target data type `boolean`.


-- !query
DESC FUNCTION EXTENDED boolean
-- !query schema
struct<function_desc:string>
-- !query output
Class: org.apache.spark.sql.catalyst.expressions.Cast
Extended Usage:
    No example/argument for boolean.

    Since: 2.0.1

Function: boolean
Usage: boolean(expr) - Casts the value `expr` to the target data type `boolean`.


-- !query
SELECT CAST('interval 3 month 1 hour' AS interval)
-- !query schema
struct<CAST(interval 3 month 1 hour AS INTERVAL):interval>
-- !query output
3 months 1 hours


-- !query
SELECT CAST("interval '3-1' year to month" AS interval year to month)
-- !query schema
struct<CAST(interval '3-1' year to month AS INTERVAL YEAR TO MONTH):interval year to month>
-- !query output
3-1


-- !query
SELECT CAST("interval '3 00:00:01' day to second" AS interval day to second)
-- !query schema
struct<CAST(interval '3 00:00:01' day to second AS INTERVAL DAY TO SECOND):interval day to second>
-- !query output
3 00:00:01.000000000


-- !query
SELECT CAST(interval 3 month 1 hour AS string)
-- !query schema
struct<>
-- !query output
org.apache.spark.sql.catalyst.parser.ParseException

Cannot mix year-month and day-time fields: interval 3 month 1 hour(line 1, pos 12)

== SQL ==
SELECT CAST(interval 3 month 1 hour AS string)
------------^^^


-- !query
SELECT CAST(interval 3 year 1 month AS string)
-- !query schema
struct<CAST(INTERVAL '3-1' YEAR TO MONTH AS STRING):string>
-- !query output
INTERVAL '3-1' YEAR TO MONTH


-- !query
SELECT CAST(interval 3 day 1 second AS string)
-- !query schema
struct<CAST(INTERVAL '3 00:00:01' DAY TO SECOND AS STRING):string>
-- !query output
INTERVAL '3 00:00:01' DAY TO SECOND


-- !query
select cast(' 1' as tinyint)
-- !query schema
struct<CAST( 1 AS TINYINT):tinyint>
-- !query output
1


-- !query
select cast(' 1\t' as tinyint)
-- !query schema
struct<CAST( 1	 AS TINYINT):tinyint>
-- !query output
1


-- !query
select cast(' 1' as smallint)
-- !query schema
struct<CAST( 1 AS SMALLINT):smallint>
-- !query output
1


-- !query
select cast(' 1' as INT)
-- !query schema
struct<CAST( 1 AS INT):int>
-- !query output
1


-- !query
select cast(' 1' as bigint)
-- !query schema
struct<CAST( 1 AS BIGINT):bigint>
-- !query output
1


-- !query
select cast(' 1' as float)
-- !query schema
struct<CAST( 1 AS FLOAT):float>
-- !query output
1.0


-- !query
select cast(' 1 ' as DOUBLE)
-- !query schema
struct<CAST( 1  AS DOUBLE):double>
-- !query output
1.0


-- !query
select cast('1.0 ' as DEC)
-- !query schema
struct<CAST(1.0  AS DECIMAL(10,0)):decimal(10,0)>
-- !query output
1


-- !query
select cast('1中文' as tinyint)
-- !query schema
struct<CAST(1中文 AS TINYINT):tinyint>
-- !query output
NULL


-- !query
select cast('1中文' as smallint)
-- !query schema
struct<CAST(1中文 AS SMALLINT):smallint>
-- !query output
NULL


-- !query
select cast('1中文' as INT)
-- !query schema
struct<CAST(1中文 AS INT):int>
-- !query output
NULL


-- !query
select cast('中文1' as bigint)
-- !query schema
struct<CAST(中文1 AS BIGINT):bigint>
-- !query output
NULL


-- !query
select cast('1中文' as bigint)
-- !query schema
struct<CAST(1中文 AS BIGINT):bigint>
-- !query output
NULL


-- !query
select cast('\t\t true \n\r ' as boolean)
-- !query schema
struct<CAST(		 true 
  AS BOOLEAN):boolean>
-- !query output
true


-- !query
select cast('\t\n false \t\r' as boolean)
-- !query schema
struct<CAST(	
 false 	 AS BOOLEAN):boolean>
-- !query output
false


-- !query
select cast('\t\n xyz \t\r' as boolean)
-- !query schema
struct<CAST(	
 xyz 	 AS BOOLEAN):boolean>
-- !query output
NULL


-- !query
select cast('23.45' as decimal(4, 2))
-- !query schema
struct<CAST(23.45 AS DECIMAL(4,2)):decimal(4,2)>
-- !query output
23.45


-- !query
select cast('123.45' as decimal(4, 2))
-- !query schema
struct<CAST(123.45 AS DECIMAL(4,2)):decimal(4,2)>
-- !query output
NULL


-- !query
select cast('xyz' as decimal(4, 2))
-- !query schema
struct<CAST(xyz AS DECIMAL(4,2)):decimal(4,2)>
-- !query output
NULL


-- !query
select cast('2022-01-01' as date)
-- !query schema
struct<CAST(2022-01-01 AS DATE):date>
-- !query output
2022-01-01


-- !query
select cast('a' as date)
-- !query schema
struct<CAST(a AS DATE):date>
-- !query output
NULL


-- !query
select cast('2022-01-01 00:00:00' as timestamp)
-- !query schema
struct<CAST(2022-01-01 00:00:00 AS TIMESTAMP):timestamp>
-- !query output
2022-01-01 00:00:00


-- !query
select cast('a' as timestamp)
-- !query schema
struct<CAST(a AS TIMESTAMP):timestamp>
-- !query output
NULL


-- !query
select cast('2022-01-01 00:00:00' as timestamp_ntz)
-- !query schema
struct<CAST(2022-01-01 00:00:00 AS TIMESTAMP_NTZ):timestamp_ntz>
-- !query output
2022-01-01 00:00:00


-- !query
select cast('a' as timestamp_ntz)
-- !query schema
struct<CAST(a AS TIMESTAMP_NTZ):timestamp_ntz>
-- !query output
NULL


-- !query
select cast(cast('inf' as double) as timestamp)
-- !query schema
struct<CAST(CAST(inf AS DOUBLE) AS TIMESTAMP):timestamp>
-- !query output
NULL


-- !query
select cast(cast('inf' as float) as timestamp)
-- !query schema
struct<CAST(CAST(inf AS FLOAT) AS TIMESTAMP):timestamp>
-- !query output
NULL


-- !query
select cast(interval '1' year as tinyint)
-- !query schema
struct<CAST(INTERVAL '1' YEAR AS TINYINT):tinyint>
-- !query output
1


-- !query
select cast(interval '-10-2' year to month as smallint)
-- !query schema
struct<CAST(INTERVAL '-10-2' YEAR TO MONTH AS SMALLINT):smallint>
-- !query output
-122


-- !query
select cast(interval '1000' month as int)
-- !query schema
struct<CAST(INTERVAL '1000' MONTH AS INT):int>
-- !query output
1000


-- !query
select cast(interval -'10.123456' second as tinyint)
-- !query schema
struct<CAST(INTERVAL '-10.123456' SECOND AS TINYINT):tinyint>
-- !query output
-10


-- !query
select cast(interval '23:59:59' hour to second as smallint)
-- !query schema
struct<>
-- !query output
org.apache.spark.SparkArithmeticException
[CAST_OVERFLOW] The value INTERVAL '23:59:59' HOUR TO SECOND of the type "INTERVAL HOUR TO SECOND" cannot be cast to "SMALLINT" due to an overflow. Use `try_cast` to tolerate overflow and return NULL instead. If necessary set "spark.sql.ansi.enabled" to "false" to bypass this error.


-- !query
select cast(interval -'1 02:03:04.123' day to second as int)
-- !query schema
struct<CAST(INTERVAL '-1 02:03:04.123' DAY TO SECOND AS INT):int>
-- !query output
-93784


-- !query
select cast(interval '10' day as bigint)
-- !query schema
struct<CAST(INTERVAL '10' DAY AS BIGINT):bigint>
-- !query output
10


-- !query
select cast(interval '-1000' month as tinyint)
-- !query schema
struct<>
-- !query output
org.apache.spark.SparkArithmeticException
[CAST_OVERFLOW] The value INTERVAL '-1000' MONTH of the type "INTERVAL MONTH" cannot be cast to "TINYINT" due to an overflow. Use `try_cast` to tolerate overflow and return NULL instead. If necessary set "spark.sql.ansi.enabled" to "false" to bypass this error.


-- !query
select cast(interval '1000000' second as smallint)
-- !query schema
struct<>
-- !query output
org.apache.spark.SparkArithmeticException
[CAST_OVERFLOW] The value INTERVAL '1000000' SECOND of the type "INTERVAL SECOND" cannot be cast to "SMALLINT" due to an overflow. Use `try_cast` to tolerate overflow and return NULL instead. If necessary set "spark.sql.ansi.enabled" to "false" to bypass this error.


-- !query
select cast(interval '-1' year as decimal(10, 0))
-- !query schema
struct<CAST(INTERVAL '-1' YEAR AS DECIMAL(10,0)):decimal(10,0)>
-- !query output
-1


-- !query
select cast(interval '1.000001' second as decimal(10, 6))
-- !query schema
struct<CAST(INTERVAL '01.000001' SECOND AS DECIMAL(10,6)):decimal(10,6)>
-- !query output
1.000001


-- !query
select cast(interval '08:11:10.001' hour to second as decimal(10, 4))
-- !query schema
struct<CAST(INTERVAL '08:11:10.001' HOUR TO SECOND AS DECIMAL(10,4)):decimal(10,4)>
-- !query output
29470.0010


-- !query
select cast(interval '1 01:02:03.1' day to second as decimal(8, 1))
-- !query schema
struct<CAST(INTERVAL '1 01:02:03.1' DAY TO SECOND AS DECIMAL(8,1)):decimal(8,1)>
-- !query output
90123.1


-- !query
select cast(interval '10.123' second as decimal(4, 2))
-- !query schema
struct<CAST(INTERVAL '10.123' SECOND AS DECIMAL(4,2)):decimal(4,2)>
-- !query output
10.12


-- !query
select cast(interval '10.005' second as decimal(4, 2))
-- !query schema
struct<CAST(INTERVAL '10.005' SECOND AS DECIMAL(4,2)):decimal(4,2)>
-- !query output
10.01


-- !query
select cast(interval '10.123' second as decimal(5, 2))
-- !query schema
struct<CAST(INTERVAL '10.123' SECOND AS DECIMAL(5,2)):decimal(5,2)>
-- !query output
10.12


-- !query
select cast(interval '10.123' second as decimal(1, 0))
-- !query schema
struct<>
-- !query output
org.apache.spark.SparkArithmeticException
[CANNOT_CHANGE_DECIMAL_PRECISION] Decimal(compact, 10, 18, 6) cannot be represented as Decimal(1, 0). If necessary set "spark.sql.ansi.enabled" to "false" to bypass this error.
