-- Automatically generated by SQLQueryTestSuite
-- !query
create temporary view t as select * from values 0, 1, 2 as t(id)
-- !query schema
struct<>
-- !query output



-- !query
create temporary view t2 as select * from values 0, 1 as t(id)
-- !query schema
struct<>
-- !query output



-- !query
WITH s AS (SELECT 1 FROM s) SELECT * FROM s
-- !query schema
struct<>
-- !query output
org.apache.spark.sql.AnalysisException
{
  "errorClass" : "TABLE_OR_VIEW_NOT_FOUND",
  "sqlState" : "42P01",
  "messageParameters" : {
    "relationName" : "`s`"
  },
  "queryContext" : [ {
    "objectType" : "",
    "objectName" : "",
    "startIndex" : 26,
    "stopIndex" : 26,
    "fragment" : "s"
  } ]
}


-- !query
WITH r AS (SELECT (SELECT * FROM r))
SELECT * FROM r
-- !query schema
struct<>
-- !query output
org.apache.spark.sql.AnalysisException
{
  "errorClass" : "TABLE_OR_VIEW_NOT_FOUND",
  "sqlState" : "42P01",
  "messageParameters" : {
    "relationName" : "`r`"
  },
  "queryContext" : [ {
    "objectType" : "",
    "objectName" : "",
    "startIndex" : 34,
    "stopIndex" : 34,
    "fragment" : "r"
  } ]
}


-- !query
WITH t AS (SELECT 1 FROM t) SELECT * FROM t
-- !query schema
struct<1:int>
-- !query output
1
1
1


-- !query
WITH s1 AS (SELECT 1 FROM s2), s2 AS (SELECT 1 FROM s1) SELECT * FROM s1, s2
-- !query schema
struct<>
-- !query output
org.apache.spark.sql.AnalysisException
{
  "errorClass" : "TABLE_OR_VIEW_NOT_FOUND",
  "sqlState" : "42P01",
  "messageParameters" : {
    "relationName" : "`s2`"
  },
  "queryContext" : [ {
    "objectType" : "",
    "objectName" : "",
    "startIndex" : 27,
    "stopIndex" : 28,
    "fragment" : "s2"
  } ]
}


-- !query
WITH t1 AS (SELECT * FROM t2), t2 AS (SELECT 2 FROM t1) SELECT * FROM t1 cross join t2
-- !query schema
struct<id:int,2:int>
-- !query output
0	2
0	2
1	2
1	2


-- !query
WITH CTE1 AS (
  SELECT b.id AS id
  FROM   T2 a
         CROSS JOIN (SELECT id AS id FROM T2) b
)
SELECT t1.id AS c1,
       t2.id AS c2
FROM   CTE1 t1
       CROSS JOIN CTE1 t2
-- !query schema
struct<c1:int,c2:int>
-- !query output
0	0
0	0
0	0
0	0
0	1
0	1
0	1
0	1
1	0
1	0
1	0
1	0
1	1
1	1
1	1
1	1


-- !query
WITH t(x) AS (SELECT 1)
SELECT * FROM t WHERE x = 1
-- !query schema
struct<x:int>
-- !query output
1


-- !query
WITH t(x, y) AS (SELECT 1, 2)
SELECT * FROM t WHERE x = 1 AND y = 2
-- !query schema
struct<x:int,y:int>
-- !query output
1	2


-- !query
WITH t(x, x) AS (SELECT 1, 2)
SELECT * FROM t
-- !query schema
struct<x:int,x:int>
-- !query output
1	2


-- !query
WITH t() AS (SELECT 1)
SELECT * FROM t
-- !query schema
struct<>
-- !query output
org.apache.spark.sql.catalyst.parser.ParseException
{
  "errorClass" : "PARSE_SYNTAX_ERROR",
  "sqlState" : "42601",
  "messageParameters" : {
    "error" : "')'",
    "hint" : ""
  }
}


-- !query
WITH
  t(x) AS (SELECT 1),
  t(x) AS (SELECT 2)
SELECT * FROM t
-- !query schema
struct<>
-- !query output
org.apache.spark.sql.catalyst.parser.ParseException
{
  "errorClass" : "_LEGACY_ERROR_TEMP_0038",
  "messageParameters" : {
    "duplicateNames" : "'t'"
  },
  "queryContext" : [ {
    "objectType" : "",
    "objectName" : "",
    "startIndex" : 1,
    "stopIndex" : 63,
    "fragment" : "WITH\n  t(x) AS (SELECT 1),\n  t(x) AS (SELECT 2)\nSELECT * FROM t"
  } ]
}


-- !query
WITH t AS (SELECT 1 FROM non_existing_table)
SELECT 2
-- !query schema
struct<>
-- !query output
org.apache.spark.sql.AnalysisException
{
  "errorClass" : "TABLE_OR_VIEW_NOT_FOUND",
  "sqlState" : "42P01",
  "messageParameters" : {
    "relationName" : "`non_existing_table`"
  },
  "queryContext" : [ {
    "objectType" : "",
    "objectName" : "",
    "startIndex" : 26,
    "stopIndex" : 43,
    "fragment" : "non_existing_table"
  } ]
}


-- !query
DROP VIEW IF EXISTS t
-- !query schema
struct<>
-- !query output



-- !query
DROP VIEW IF EXISTS t2
-- !query schema
struct<>
-- !query output

