-- Automatically generated by SQLQueryTestSuite
-- !query
CREATE TABLE t1(col1 INT, col2 STRING)
-- !query schema
struct<>
-- !query output



-- !query
CREATE TABLE t2(col1 INT, col2 STRING)
-- !query schema
struct<>
-- !query output



-- !query
SELECT * FROM t2 as t2_1 LEFT JOIN t2 as t2_2 ON t2_1.col1 = t2_2.col1
    NATURAL JOIN t2 as t2_3
-- !query schema
struct<col1:int,col2:string,col1:int,col2:string>
-- !query output



-- !query
SELECT * FROM t2 as t2_1 RIGHT JOIN t2 as t2_2 ON t2_1.col1 = t2_2.col1
    NATURAL JOIN t2 as t2_3
-- !query schema
struct<col1:int,col2:string,col1:int,col2:string>
-- !query output



-- !query
SELECT * FROM t2 as t2_1 CROSS JOIN t2 as t2_2 ON t2_1.col1 = t2_2.col1
    NATURAL JOIN t2 as t2_3
-- !query schema
struct<col1:int,col2:string,col1:int,col2:string>
-- !query output



-- !query
SELECT * FROM t2 as t2_1 INNER JOIN t2 as t2_2 ON t2_1.col1 = t2_2.col1
    NATURAL JOIN t2 as t2_3
-- !query schema
struct<col1:int,col2:string,col1:int,col2:string>
-- !query output



-- !query
SELECT col2 AS alias FROM t1 as t1_1 LEFT ANTI JOIN t1 as t1_2 ON t1_1.col1 = t1_2.col1 ORDER BY col2
-- !query schema
struct<alias:string>
-- !query output



-- !query
SELECT col2 AS alias FROM t1 as t1_1 LEFT SEMI JOIN t1 as t1_2 ON t1_1.col1 = t1_2.col1 ORDER BY col2
-- !query schema
struct<alias:string>
-- !query output



-- !query
SELECT col1 FROM t1 as t1_1 LEFT SEMI JOIN t1 as t1_2 ORDER BY col2
-- !query schema
struct<col1:int>
-- !query output



-- !query
SELECT col1 FROM t1 as t1_1 LEFT SEMI JOIN t1 as t1_2 GROUP BY ALL HAVING MIN(col2) > 1
-- !query schema
struct<col1:int>
-- !query output



-- !query
SELECT 1 FROM t2 NATURAL JOIN t1 JOIN t2 ON t2.col1 = t1.col1 WHERE t2.col2 = 1
-- !query schema
struct<>
-- !query output
org.apache.spark.sql.AnalysisException
{
  "errorClass" : "AMBIGUOUS_REFERENCE",
  "sqlState" : "42704",
  "messageParameters" : {
    "name" : "`t2`.`col1`",
    "referenceNames" : "[`spark_catalog`.`default`.`t2`.`col1`, `spark_catalog`.`default`.`t2`.`col1`]"
  },
  "queryContext" : [ {
    "objectType" : "",
    "objectName" : "",
    "startIndex" : 45,
    "stopIndex" : 51,
    "fragment" : "t2.col1"
  } ]
}


-- !query
SELECT 1 FROM t2 NATURAL JOIN t1 JOIN t2 ON t2.col1 = t1.col1 GROUP BY t2.col2 HAVING t2.col2 = 1
-- !query schema
struct<>
-- !query output
org.apache.spark.sql.AnalysisException
{
  "errorClass" : "AMBIGUOUS_REFERENCE",
  "sqlState" : "42704",
  "messageParameters" : {
    "name" : "`t2`.`col1`",
    "referenceNames" : "[`spark_catalog`.`default`.`t2`.`col1`, `spark_catalog`.`default`.`t2`.`col1`]"
  },
  "queryContext" : [ {
    "objectType" : "",
    "objectName" : "",
    "startIndex" : 45,
    "stopIndex" : 51,
    "fragment" : "t2.col1"
  } ]
}


-- !query
SELECT 1 FROM t2 NATURAL JOIN t1 JOIN t2 ON t2.col1 = t1.col1 ORDER BY t2.col2
-- !query schema
struct<>
-- !query output
org.apache.spark.sql.AnalysisException
{
  "errorClass" : "AMBIGUOUS_REFERENCE",
  "sqlState" : "42704",
  "messageParameters" : {
    "name" : "`t2`.`col1`",
    "referenceNames" : "[`spark_catalog`.`default`.`t2`.`col1`, `spark_catalog`.`default`.`t2`.`col1`]"
  },
  "queryContext" : [ {
    "objectType" : "",
    "objectName" : "",
    "startIndex" : 45,
    "stopIndex" : 51,
    "fragment" : "t2.col1"
  } ]
}


-- !query
DROP TABLE t1
-- !query schema
struct<>
-- !query output



-- !query
DROP TABLE t2
-- !query schema
struct<>
-- !query output

