-- Automatically generated by SQLQueryTestSuite
-- Number of queries: 44


-- !query
CREATE VIEW t1(c1, c2) AS VALUES (0, 1), (1, 2)
-- !query schema
struct<>
-- !query output



-- !query
CREATE VIEW t2(c1, c2) AS VALUES (0, 2), (0, 3)
-- !query schema
struct<>
-- !query output



-- !query
SELECT * FROM t1, LATERAL (SELECT c1)
-- !query schema
struct<c1:int,c2:int,c1:int>
-- !query output
0	1	0
1	2	1


-- !query
SELECT * FROM t1, LATERAL (SELECT c1 FROM t2)
-- !query schema
struct<c1:int,c2:int,c1:int>
-- !query output
0	1	0
0	1	0
1	2	0
1	2	0


-- !query
SELECT * FROM t1, LATERAL (SELECT t1.c1 FROM t2)
-- !query schema
struct<c1:int,c2:int,c1:int>
-- !query output
0	1	0
0	1	0
1	2	1
1	2	1


-- !query
SELECT * FROM t1, LATERAL (SELECT t1.c1 + t2.c1 FROM t2)
-- !query schema
struct<c1:int,c2:int,(outer(spark_catalog.default.t1.c1) + c1):int>
-- !query output
0	1	0
0	1	0
1	2	1
1	2	1


-- !query
SELECT * FROM t1, LATERAL (SELECT *)
-- !query schema
struct<c1:int,c2:int>
-- !query output
0	1
1	2


-- !query
SELECT * FROM t1, LATERAL (SELECT * FROM t2)
-- !query schema
struct<c1:int,c2:int,c1:int,c2:int>
-- !query output
0	1	0	2
0	1	0	3
1	2	0	2
1	2	0	3


-- !query
SELECT * FROM t1, LATERAL (SELECT t1.*)
-- !query schema
struct<c1:int,c2:int,c1:int,c2:int>
-- !query output
0	1	0	1
1	2	1	2


-- !query
SELECT * FROM t1, LATERAL (SELECT t1.*, t2.* FROM t2)
-- !query schema
struct<c1:int,c2:int,c1:int,c2:int,c1:int,c2:int>
-- !query output
0	1	0	1	0	2
0	1	0	1	0	3
1	2	1	2	0	2
1	2	1	2	0	3


-- !query
SELECT * FROM t1, LATERAL (SELECT t1.* FROM t2 AS t1)
-- !query schema
struct<c1:int,c2:int,c1:int,c2:int>
-- !query output
0	1	0	2
0	1	0	3
1	2	0	2
1	2	0	3


-- !query
SELECT * FROM t1, LATERAL (SELECT t1.*, t2.* FROM t2, LATERAL (SELECT t1.*, t2.*, t3.* FROM t2 AS t3))
-- !query schema
struct<>
-- !query output
org.apache.spark.sql.AnalysisException
cannot resolve 't1.*' given input columns 'c1, c2'; line 1 pos 70


-- !query
SELECT * FROM t1 JOIN LATERAL (SELECT c1 + c2 AS c3) ON c2 = c3
-- !query schema
struct<c1:int,c2:int,c3:int>
-- !query output
0	1	1


-- !query
SELECT * FROM t1 LEFT JOIN LATERAL (SELECT c1 + c2 AS c3) ON c2 = c3
-- !query schema
struct<c1:int,c2:int,c3:int>
-- !query output
0	1	1
1	2	NULL


-- !query
SELECT * FROM t1 CROSS JOIN LATERAL (SELECT c1 + c2 AS c3)
-- !query schema
struct<c1:int,c2:int,c3:int>
-- !query output
0	1	1
1	2	3


-- !query
SELECT * FROM t1 NATURAL JOIN LATERAL (SELECT c1 + c2 AS c2)
-- !query schema
struct<>
-- !query output
org.apache.spark.sql.catalyst.parser.ParseException

LATERAL join with NATURAL join is not supported(line 1, pos 14)

== SQL ==
SELECT * FROM t1 NATURAL JOIN LATERAL (SELECT c1 + c2 AS c2)
--------------^^^


-- !query
SELECT * FROM t1 JOIN LATERAL (SELECT c1 + c2 AS c2) USING (c2)
-- !query schema
struct<>
-- !query output
org.apache.spark.sql.catalyst.parser.ParseException

LATERAL join with USING join is not supported(line 1, pos 14)

== SQL ==
SELECT * FROM t1 JOIN LATERAL (SELECT c1 + c2 AS c2) USING (c2)
--------------^^^


-- !query
SELECT * FROM LATERAL (SELECT * FROM t1)
-- !query schema
struct<c1:int,c2:int>
-- !query output
0	1
1	2


-- !query
SELECT * FROM t1, LATERAL (SELECT * FROM t2)
-- !query schema
struct<c1:int,c2:int,c1:int,c2:int>
-- !query output
0	1	0	2
0	1	0	3
1	2	0	2
1	2	0	3


-- !query
SELECT * FROM LATERAL (SELECT * FROM t1), LATERAL (SELECT * FROM t2)
-- !query schema
struct<c1:int,c2:int,c1:int,c2:int>
-- !query output
0	1	0	2
0	1	0	3
1	2	0	2
1	2	0	3


-- !query
SELECT * FROM LATERAL (SELECT * FROM t1) JOIN LATERAL (SELECT * FROM t2)
-- !query schema
struct<c1:int,c2:int,c1:int,c2:int>
-- !query output
0	1	0	2
0	1	0	3
1	2	0	2
1	2	0	3


-- !query
SELECT a, b FROM t1, LATERAL (SELECT c1, c2) s(a, b)
-- !query schema
struct<a:int,b:int>
-- !query output
0	1
1	2


-- !query
SELECT * FROM (SELECT 1 AS c1, 2 AS c2), LATERAL (SELECT c1, c2)
-- !query schema
struct<c1:int,c2:int,c1:int,c2:int>
-- !query output
1	2	1	2


-- !query
SELECT * FROM t1, LATERAL (SELECT c2 FROM t2 WHERE t1.c1 = t2.c1)
-- !query schema
struct<c1:int,c2:int,c2:int>
-- !query output
0	1	2
0	1	3


-- !query
SELECT * FROM t1, LATERAL (SELECT c2 FROM t2 WHERE t1.c2 < t2.c2)
-- !query schema
struct<c1:int,c2:int,c2:int>
-- !query output
0	1	2
0	1	3
1	2	3


-- !query
SELECT * FROM t1 JOIN t2 JOIN LATERAL (SELECT t1.c2 + t2.c2)
-- !query schema
struct<c1:int,c2:int,c1:int,c2:int,(outer(spark_catalog.default.t1.c2) + outer(spark_catalog.default.t2.c2)):int>
-- !query output
0	1	0	2	3
0	1	0	3	4
1	2	0	2	4
1	2	0	3	5


-- !query
SELECT * FROM t1 JOIN LATERAL (SELECT t1.c1 AS a, t2.c1 AS b) s JOIN t2 ON s.b = t2.c1
-- !query schema
struct<>
-- !query output
org.apache.spark.sql.AnalysisException
cannot resolve 't2.c1' given input columns: []; line 1 pos 50


-- !query
SELECT * FROM t1,
LATERAL (SELECT c1 + c2 AS a),
LATERAL (SELECT c1 - c2 AS b),
LATERAL (SELECT a * b AS c)
-- !query schema
struct<c1:int,c2:int,a:int,b:int,c:int>
-- !query output
0	1	1	-1	-1
1	2	3	-1	-3


-- !query
SELECT * FROM t1
LEFT OUTER JOIN LATERAL (SELECT c2 FROM t2 WHERE t1.c1 = t2.c1) s
LEFT OUTER JOIN t1 t3 ON s.c2 = t3.c2
-- !query schema
struct<c1:int,c2:int,c2:int,c1:int,c2:int>
-- !query output
0	1	2	1	2
0	1	3	NULL	NULL
1	2	NULL	NULL	NULL


-- !query
SELECT * FROM t1, LATERAL (SELECT * FROM t2, LATERAL (SELECT c1))
-- !query schema
struct<c1:int,c2:int,c1:int,c2:int,c1:int>
-- !query output
0	1	0	2	0
0	1	0	3	0
1	2	0	2	0
1	2	0	3	0


-- !query
SELECT * FROM t1, LATERAL (SELECT * FROM (SELECT c1 + 1 AS c1), LATERAL (SELECT c1))
-- !query schema
struct<c1:int,c2:int,c1:int,c1:int>
-- !query output
0	1	1	1
1	2	2	2


-- !query
SELECT * FROM t1, LATERAL (
  SELECT * FROM (SELECT c1, MIN(c2) m FROM t2 WHERE t1.c1 = t2.c1 GROUP BY c1) s,
  LATERAL (SELECT m WHERE m > c1)
)
-- !query schema
struct<c1:int,c2:int,c1:int,m:int,m:int>
-- !query output
0	1	0	2	2


-- !query
SELECT * FROM t1, LATERAL (SELECT * FROM t2, LATERAL (SELECT t1.c1 + t2.c1))
-- !query schema
struct<>
-- !query output
org.apache.spark.sql.AnalysisException
cannot resolve 't1.c1' given input columns: []; line 1 pos 61


-- !query
SELECT * FROM t1, LATERAL (SELECT * FROM (SELECT c1), LATERAL (SELECT c2))
-- !query schema
struct<>
-- !query output
org.apache.spark.sql.AnalysisException
cannot resolve 'c2' given input columns: []; line 1 pos 70


-- !query
SELECT * FROM t1, LATERAL (SELECT c2, (SELECT MIN(c2) FROM t2))
-- !query schema
struct<c1:int,c2:int,c2:int,scalarsubquery():int>
-- !query output
0	1	1	2
1	2	2	2


-- !query
SELECT * FROM t1, LATERAL (SELECT (SELECT SUM(c2) FROM t2 WHERE c1 = a) FROM (SELECT c1 AS a))
-- !query schema
struct<c1:int,c2:int,scalarsubquery(a):bigint>
-- !query output
0	1	5
1	2	NULL


-- !query
SELECT * FROM t1, LATERAL (SELECT c1, (SELECT SUM(c2) FROM t2 WHERE c1 = t1.c1))
-- !query schema
struct<>
-- !query output
org.apache.spark.sql.AnalysisException
cannot resolve 't1.c1' given input columns: [spark_catalog.default.t2.c1, spark_catalog.default.t2.c2]; line 1 pos 73


-- !query
SELECT * FROM t1 WHERE c1 = (SELECT MIN(a) FROM t2, LATERAL (SELECT c1 AS a))
-- !query schema
struct<c1:int,c2:int>
-- !query output
0	1


-- !query
SELECT * FROM t1 WHERE c1 = (SELECT MIN(a) FROM t2, LATERAL (SELECT c1 AS a) WHERE c1 = t1.c1)
-- !query schema
struct<c1:int,c2:int>
-- !query output
0	1


-- !query
SELECT * FROM t1, LATERAL (SELECT COUNT(*) AS cnt FROM t2 WHERE c1 = t1.c1) WHERE cnt = 0
-- !query schema
struct<c1:int,c2:int,cnt:bigint>
-- !query output



-- !query
SELECT * FROM t1 LEFT JOIN LATERAL (SELECT MIN(c2) FROM t2 WHERE c1 = t1.c1 GROUP BY c1)
-- !query schema
struct<c1:int,c2:int,min(c2):int>
-- !query output
0	1	2
1	2	NULL


-- !query
WITH cte1 AS (
  SELECT c1 FROM t1
), cte2 AS (
  SELECT s.* FROM cte1, LATERAL (SELECT * FROM t2 WHERE c1 = cte1.c1) s
)
SELECT * FROM cte2
-- !query schema
struct<c1:int,c2:int>
-- !query output
0	2
0	3


-- !query
DROP VIEW t1
-- !query schema
struct<>
-- !query output



-- !query
DROP VIEW t2
-- !query schema
struct<>
-- !query output

