-- Automatically generated by SQLQueryTestSuite
-- Number of queries: 10


-- !query
select * from dummy(3)
-- !query schema
struct<>
-- !query output
org.apache.spark.sql.AnalysisException
could not resolve `dummy` to a table-valued function; line 1 pos 14


-- !query
select * from range(6 + cos(3))
-- !query schema
struct<id:bigint>
-- !query output
0
1
2
3
4


-- !query
select * from range(5, 10)
-- !query schema
struct<id:bigint>
-- !query output
5
6
7
8
9


-- !query
select * from range(0, 10, 2)
-- !query schema
struct<id:bigint>
-- !query output
0
2
4
6
8


-- !query
select * from range(0, 10, 1, 200)
-- !query schema
struct<id:bigint>
-- !query output
0
1
2
3
4
5
6
7
8
9


-- !query
select * from range(1, 1, 1, 1, 1)
-- !query schema
struct<>
-- !query output
org.apache.spark.sql.AnalysisException
Table-valued function range with alternatives: 
    range(start: long, end: long, step: long, numSlices: integer)
    range(start: long, end: long, step: long)
    range(start: long, end: long)
    range(end: long)
cannot be applied to (integer, integer, integer, integer, integer): Invalid number of arguments for function range. Expected: one of 1, 2, 3 and 4; Found: 5; line 1 pos 14


-- !query
select * from range(1, null)
-- !query schema
struct<>
-- !query output
org.apache.spark.sql.AnalysisException
Table-valued function range with alternatives: 
    range(start: long, end: long, step: long, numSlices: integer)
    range(start: long, end: long, step: long)
    range(start: long, end: long)
    range(end: long)
cannot be applied to (integer, null): Incompatible input data type. Expected: long; Found: null; line 1 pos 14


-- !query
select * from range(array(1, 2, 3))
-- !query schema
struct<>
-- !query output
org.apache.spark.sql.AnalysisException
Table-valued function range with alternatives: 
    range(start: long, end: long, step: long, numSlices: integer)
    range(start: long, end: long, step: long)
    range(start: long, end: long)
    range(end: long)
cannot be applied to (array): Incompatible input data type. Expected: long; Found: array; line 1 pos 14


-- !query
select * from range(0, 5, 0)
-- !query schema
struct<>
-- !query output
org.apache.spark.sql.AnalysisException
Table-valued function range with alternatives: 
    range(start: long, end: long, step: long, numSlices: integer)
    range(start: long, end: long, step: long)
    range(start: long, end: long)
    range(end: long)
cannot be applied to (integer, integer, integer): requirement failed: step (0) cannot be 0; line 1 pos 14


-- !query
select * from RaNgE(2)
-- !query schema
struct<id:bigint>
-- !query output
0
1
