-- Automatically generated by SQLQueryTestSuite
-- !query
select * from dummy(3)
-- !query schema
struct<>
-- !query output
org.apache.spark.sql.AnalysisException
{
  "errorClass" : "_LEGACY_ERROR_TEMP_2308",
  "messageParameters" : {
    "name" : "dummy"
  },
  "queryContext" : [ {
    "objectType" : "",
    "objectName" : "",
    "startIndex" : 15,
    "stopIndex" : 22,
    "fragment" : "dummy(3)"
  } ]
}


-- !query
select * from range(6 + cos(3))
-- !query schema
struct<id:bigint>
-- !query output
0
1
2
3
4


-- !query
select * from range(5, 10)
-- !query schema
struct<id:bigint>
-- !query output
5
6
7
8
9


-- !query
select * from range(0, 10, 2)
-- !query schema
struct<id:bigint>
-- !query output
0
2
4
6
8


-- !query
select * from range(0, 10, 1, 200)
-- !query schema
struct<id:bigint>
-- !query output
0
1
2
3
4
5
6
7
8
9


-- !query
select * from range(1, 1, 1, 1, 1)
-- !query schema
struct<>
-- !query output
org.apache.spark.sql.AnalysisException
{
  "errorClass" : "WRONG_NUM_ARGS.WITHOUT_SUGGESTION",
  "sqlState" : "42605",
  "messageParameters" : {
    "actualNum" : "5",
    "docroot" : "https://spark.apache.org/docs/latest",
    "expectedNum" : "[1, 2, 3, 4]",
    "functionName" : "`range`"
  },
  "queryContext" : [ {
    "objectType" : "",
    "objectName" : "",
    "startIndex" : 15,
    "stopIndex" : 34,
    "fragment" : "range(1, 1, 1, 1, 1)"
  } ]
}


-- !query
select * from range(1, null)
-- !query schema
struct<>
-- !query output
org.apache.spark.sql.AnalysisException
{
  "errorClass" : "UNEXPECTED_INPUT_TYPE",
  "sqlState" : "42K09",
  "messageParameters" : {
    "functionName" : "`range`",
    "inputSql" : "\"NULL\"",
    "inputType" : "\"VOID\"",
    "paramIndex" : "2",
    "requiredType" : "\"BIGINT\""
  },
  "queryContext" : [ {
    "objectType" : "",
    "objectName" : "",
    "startIndex" : 15,
    "stopIndex" : 28,
    "fragment" : "range(1, null)"
  } ]
}


-- !query
select * from range(array(1, 2, 3))
-- !query schema
struct<>
-- !query output
org.apache.spark.sql.AnalysisException
{
  "errorClass" : "UNEXPECTED_INPUT_TYPE",
  "sqlState" : "42K09",
  "messageParameters" : {
    "functionName" : "`range`",
    "inputSql" : "\"array(1, 2, 3)\"",
    "inputType" : "\"ARRAY<INT>\"",
    "paramIndex" : "2",
    "requiredType" : "\"BIGINT\""
  },
  "queryContext" : [ {
    "objectType" : "",
    "objectName" : "",
    "startIndex" : 15,
    "stopIndex" : 35,
    "fragment" : "range(array(1, 2, 3))"
  } ]
}


-- !query
select * from range(0, 5, 0)
-- !query schema
struct<>
-- !query output
org.apache.spark.sql.AnalysisException
{
  "errorClass" : "FAILED_FUNCTION_CALL",
  "sqlState" : "38000",
  "messageParameters" : {
    "funcName" : "`range`"
  },
  "queryContext" : [ {
    "objectType" : "",
    "objectName" : "",
    "startIndex" : 15,
    "stopIndex" : 28,
    "fragment" : "range(0, 5, 0)"
  } ]
}


-- !query
select * from RaNgE(2)
-- !query schema
struct<id:bigint>
-- !query output
0
1


-- !query
select i from range(0, 2) t(i)
-- !query schema
struct<i:bigint>
-- !query output
0
1


-- !query
select * from explode(array(1, 2))
-- !query schema
struct<col:int>
-- !query output
1
2


-- !query
select * from explode(map('a', 1, 'b', 2))
-- !query schema
struct<key:string,value:int>
-- !query output
a	1
b	2


-- !query
select * from explode(array())
-- !query schema
struct<col:void>
-- !query output



-- !query
select * from explode(map())
-- !query schema
struct<key:void,value:void>
-- !query output



-- !query
select * from explode(array(1, 2)) t(c1)
-- !query schema
struct<c1:int>
-- !query output
1
2


-- !query
select * from explode(map('a', 1, 'b', 2)) t(k, v)
-- !query schema
struct<k:string,v:int>
-- !query output
a	1
b	2


-- !query
select * from explode(null)
-- !query schema
struct<>
-- !query output
org.apache.spark.sql.AnalysisException
{
  "errorClass" : "DATATYPE_MISMATCH.UNEXPECTED_INPUT_TYPE",
  "sqlState" : "42K09",
  "messageParameters" : {
    "inputSql" : "\"NULL\"",
    "inputType" : "\"VOID\"",
    "paramIndex" : "1",
    "requiredType" : "(\"ARRAY\" or \"MAP\")",
    "sqlExpr" : "\"explode(NULL)\""
  },
  "queryContext" : [ {
    "objectType" : "",
    "objectName" : "",
    "startIndex" : 15,
    "stopIndex" : 27,
    "fragment" : "explode(null)"
  } ]
}


-- !query
select * from explode(null) t(c1)
-- !query schema
struct<>
-- !query output
org.apache.spark.sql.AnalysisException
{
  "errorClass" : "DATATYPE_MISMATCH.UNEXPECTED_INPUT_TYPE",
  "sqlState" : "42K09",
  "messageParameters" : {
    "inputSql" : "\"NULL\"",
    "inputType" : "\"VOID\"",
    "paramIndex" : "1",
    "requiredType" : "(\"ARRAY\" or \"MAP\")",
    "sqlExpr" : "\"explode(NULL)\""
  },
  "queryContext" : [ {
    "objectType" : "",
    "objectName" : "",
    "startIndex" : 15,
    "stopIndex" : 33,
    "fragment" : "explode(null) t(c1)"
  } ]
}


-- !query
select * from explode(1)
-- !query schema
struct<>
-- !query output
org.apache.spark.sql.AnalysisException
{
  "errorClass" : "DATATYPE_MISMATCH.UNEXPECTED_INPUT_TYPE",
  "sqlState" : "42K09",
  "messageParameters" : {
    "inputSql" : "\"1\"",
    "inputType" : "\"INT\"",
    "paramIndex" : "1",
    "requiredType" : "(\"ARRAY\" or \"MAP\")",
    "sqlExpr" : "\"explode(1)\""
  },
  "queryContext" : [ {
    "objectType" : "",
    "objectName" : "",
    "startIndex" : 15,
    "stopIndex" : 24,
    "fragment" : "explode(1)"
  } ]
}


-- !query
select * from explode(1, 2)
-- !query schema
struct<>
-- !query output
org.apache.spark.sql.AnalysisException
{
  "errorClass" : "WRONG_NUM_ARGS.WITHOUT_SUGGESTION",
  "sqlState" : "42605",
  "messageParameters" : {
    "actualNum" : "2",
    "docroot" : "https://spark.apache.org/docs/latest",
    "expectedNum" : "1",
    "functionName" : "`explode`"
  },
  "queryContext" : [ {
    "objectType" : "",
    "objectName" : "",
    "startIndex" : 15,
    "stopIndex" : 27,
    "fragment" : "explode(1, 2)"
  } ]
}


-- !query
select * from explode(explode(array(1)))
-- !query schema
struct<>
-- !query output
org.apache.spark.sql.AnalysisException
{
  "errorClass" : "UNSUPPORTED_GENERATOR.NESTED_IN_EXPRESSIONS",
  "sqlState" : "0A000",
  "messageParameters" : {
    "expression" : "\"explode(explode(array(1)))\""
  },
  "queryContext" : [ {
    "objectType" : "",
    "objectName" : "",
    "startIndex" : 15,
    "stopIndex" : 40,
    "fragment" : "explode(explode(array(1)))"
  } ]
}


-- !query
select * from explode(array(1, 2)) t(c1, c2)
-- !query schema
struct<>
-- !query output
org.apache.spark.sql.AnalysisException
{
  "errorClass" : "_LEGACY_ERROR_TEMP_2307",
  "messageParameters" : {
    "aliasesNum" : "2",
    "funcName" : "explode",
    "outColsNum" : "1"
  },
  "queryContext" : [ {
    "objectType" : "",
    "objectName" : "",
    "startIndex" : 15,
    "stopIndex" : 44,
    "fragment" : "explode(array(1, 2)) t(c1, c2)"
  } ]
}


-- !query
select * from explode_outer(array(1, 2))
-- !query schema
struct<col:int>
-- !query output
1
2


-- !query
select * from explode_outer(map('a', 1, 'b', 2))
-- !query schema
struct<key:string,value:int>
-- !query output
a	1
b	2


-- !query
select * from explode_outer(array())
-- !query schema
struct<col:void>
-- !query output
NULL


-- !query
select * from explode_outer(map())
-- !query schema
struct<key:void,value:void>
-- !query output
NULL	NULL


-- !query
select * from range(2) join explode(array(1, 2))
-- !query schema
struct<id:bigint,col:int>
-- !query output
0	1
0	2
1	1
1	2


-- !query
select * from range(2) join explode_outer(array())
-- !query schema
struct<id:bigint,col:void>
-- !query output
0	NULL
1	NULL


-- !query
select * from inline(array(struct(1, 'a'), struct(2, 'b')))
-- !query schema
struct<col1:int,col2:string>
-- !query output
1	a
2	b


-- !query
select * from inline(array(struct(1, 'a'), struct(2, 'b'))) t(x, y)
-- !query schema
struct<x:int,y:string>
-- !query output
1	a
2	b


-- !query
select * from inline(array_remove(array(struct(1, 'a')), struct(1, 'a')))
-- !query schema
struct<col1:int,col2:string>
-- !query output



-- !query
select * from inline(null)
-- !query schema
struct<>
-- !query output
org.apache.spark.sql.AnalysisException
{
  "errorClass" : "DATATYPE_MISMATCH.UNEXPECTED_INPUT_TYPE",
  "sqlState" : "42K09",
  "messageParameters" : {
    "inputSql" : "\"NULL\"",
    "inputType" : "\"VOID\"",
    "paramIndex" : "1",
    "requiredType" : "\"ARRAY<STRUCT>\"",
    "sqlExpr" : "\"inline(NULL)\""
  },
  "queryContext" : [ {
    "objectType" : "",
    "objectName" : "",
    "startIndex" : 15,
    "stopIndex" : 26,
    "fragment" : "inline(null)"
  } ]
}


-- !query
select * from inline(array(struct(1, 2), struct(2, 3))) t(a, b, c)
-- !query schema
struct<>
-- !query output
org.apache.spark.sql.AnalysisException
{
  "errorClass" : "_LEGACY_ERROR_TEMP_2307",
  "messageParameters" : {
    "aliasesNum" : "3",
    "funcName" : "inline",
    "outColsNum" : "2"
  },
  "queryContext" : [ {
    "objectType" : "",
    "objectName" : "",
    "startIndex" : 15,
    "stopIndex" : 66,
    "fragment" : "inline(array(struct(1, 2), struct(2, 3))) t(a, b, c)"
  } ]
}


-- !query
select * from inline_outer(array(struct(1, 'a'), struct(2, 'b')))
-- !query schema
struct<col1:int,col2:string>
-- !query output
1	a
2	b


-- !query
select * from inline_outer(array_remove(array(struct(1, 'a')), struct(1, 'a')))
-- !query schema
struct<col1:int,col2:string>
-- !query output
NULL	NULL
