-- Automatically generated by SQLQueryTestSuite
-- Number of queries: 7


-- !query
select timestamp_ntz'2016-12-31 00:12:00', timestamp_ntz'2016-12-31'
-- !query schema
struct<TIMESTAMP_NTZ '2016-12-31 00:12:00':timestamp_ntz,TIMESTAMP_NTZ '2016-12-31 00:00:00':timestamp_ntz>
-- !query output
2016-12-31 00:12:00	2016-12-31 00:00:00


-- !query
select to_timestamp_ntz(null), to_timestamp_ntz('2016-12-31 00:12:00'), to_timestamp_ntz('2016-12-31', 'yyyy-MM-dd')
-- !query schema
struct<to_timestamp_ntz(NULL):timestamp_ntz,to_timestamp_ntz(2016-12-31 00:12:00):timestamp_ntz,to_timestamp_ntz(2016-12-31, yyyy-MM-dd):timestamp_ntz>
-- !query output
NULL	2016-12-31 00:12:00	2016-12-31 00:00:00


-- !query
select to_timestamp_ntz(to_date(null)), to_timestamp_ntz(to_date('2016-12-31'))
-- !query schema
struct<to_timestamp_ntz(to_date(NULL)):timestamp_ntz,to_timestamp_ntz(to_date(2016-12-31)):timestamp_ntz>
-- !query output
NULL	2016-12-31 00:00:00


-- !query
select to_timestamp_ntz(to_timestamp_ltz(null)), to_timestamp_ntz(to_timestamp_ltz('2016-12-31 00:12:00'))
-- !query schema
struct<to_timestamp_ntz(to_timestamp_ltz(NULL)):timestamp_ntz,to_timestamp_ntz(to_timestamp_ltz(2016-12-31 00:12:00)):timestamp_ntz>
-- !query output
NULL	2016-12-31 00:12:00


-- !query
SELECT make_timestamp_ntz(2021, 07, 11, 6, 30, 45.678)
-- !query schema
struct<make_timestamp_ntz(2021, 7, 11, 6, 30, 45.678):timestamp_ntz>
-- !query output
2021-07-11 06:30:45.678


-- !query
SELECT make_timestamp_ntz(2021, 07, 11, 6, 30, 45.678, 'CET')
-- !query schema
struct<>
-- !query output
org.apache.spark.sql.AnalysisException
Invalid number of arguments for function make_timestamp_ntz. Expected: 6; Found: 7; line 1 pos 7


-- !query
SELECT make_timestamp_ntz(2021, 07, 11, 6, 30, 60.007)
-- !query schema
struct<make_timestamp_ntz(2021, 7, 11, 6, 30, 60.007):timestamp_ntz>
-- !query output
NULL
