-- Automatically generated by SQLQueryTestSuite
-- !query
CREATE TEMPORARY VIEW t1 AS SELECT * FROM VALUES
  (1, 2, 3)
AS t1(t1a, t1b, t1c)
-- !query schema
struct<>
-- !query output



-- !query
CREATE TEMPORARY VIEW t2 AS SELECT * FROM VALUES
  (1, 0, 1)
AS t2(t2a, t2b, t2c)
-- !query schema
struct<>
-- !query output



-- !query
CREATE TEMPORARY VIEW t3 AS SELECT * FROM VALUES
  (3, 1, 2)
AS t3(t3a, t3b, t3c)
-- !query schema
struct<>
-- !query output



-- !query
SELECT t1a, t2b
FROM   t1, t2
WHERE  t1b = t2c
AND    t2b = (SELECT max(avg)
              FROM   (SELECT   t2b, avg(t2b) avg
                      FROM     t2
                      WHERE    t2a = t1.t1b
                     )
             )
-- !query schema
struct<>
-- !query output
org.apache.spark.sql.AnalysisException
{
  "errorClass" : "_LEGACY_ERROR_TEMP_2422",
  "messageParameters" : {
    "aggExprs" : "(avg(t2.t2b) AS avg)",
    "sqlExpr" : "t2.t2b"
  },
  "queryContext" : [ {
    "objectType" : "",
    "objectName" : "",
    "startIndex" : 109,
    "stopIndex" : 111,
    "fragment" : "t2b"
  } ]
}


-- !query
SELECT *
FROM   t1
WHERE  t1a IN (SELECT   min(t2a)
               FROM     t2
               GROUP BY t2c
               HAVING   t2c IN (SELECT   max(t3c)
                                FROM     t3
                                GROUP BY t3b
                                HAVING   t3b > t2b ))
-- !query schema
struct<>
-- !query output
org.apache.spark.sql.AnalysisException
{
  "errorClass" : "_LEGACY_ERROR_TEMP_2432",
  "messageParameters" : {
    "msg" : "Resolved attribute(s) t2b#x missing from min(t2a)#x,t2c#x in operator !Filter t2c#x IN (list#x [t2b#x])."
  },
  "queryContext" : [ {
    "objectType" : "",
    "objectName" : "",
    "startIndex" : 35,
    "stopIndex" : 298,
    "fragment" : "SELECT   min(t2a)\n               FROM     t2\n               GROUP BY t2c\n               HAVING   t2c IN (SELECT   max(t3c)\n                                FROM     t3\n                                GROUP BY t3b\n                                HAVING   t3b > t2b )"
  } ]
}


-- !query
SELECT t1a 
FROM   t1
GROUP  BY 1
HAVING EXISTS (SELECT t2a
               FROM  t2
               GROUP BY 1
               HAVING t2a < min(t1a + t2a))
-- !query schema
struct<>
-- !query output
org.apache.spark.sql.AnalysisException
{
  "errorClass" : "UNSUPPORTED_SUBQUERY_EXPRESSION_CATEGORY.AGGREGATE_FUNCTION_MIXED_OUTER_LOCAL_REFERENCES",
  "messageParameters" : {
    "function" : "min((outer(t1.t1a) + t2.t2a))"
  },
  "queryContext" : [ {
    "objectType" : "",
    "objectName" : "",
    "startIndex" : 139,
    "stopIndex" : 152,
    "fragment" : "min(t1a + t2a)"
  } ]
}


-- !query
SELECT t1a 
FROM   t1
WHERE  t1a IN (SELECT t2a 
               FROM   t2
               WHERE  EXISTS (SELECT 1 
                              FROM   t3
                              GROUP BY 1
                              HAVING min(t2a + t3a) > 1))
-- !query schema
struct<>
-- !query output
org.apache.spark.sql.AnalysisException
{
  "errorClass" : "UNSUPPORTED_SUBQUERY_EXPRESSION_CATEGORY.AGGREGATE_FUNCTION_MIXED_OUTER_LOCAL_REFERENCES",
  "messageParameters" : {
    "function" : "min((outer(t2.t2a) + t3.t3a))"
  },
  "queryContext" : [ {
    "objectType" : "",
    "objectName" : "",
    "startIndex" : 233,
    "stopIndex" : 246,
    "fragment" : "min(t2a + t3a)"
  } ]
}


-- !query
SELECT t1a 
FROM   t1
WHERE  t1a IN (SELECT t2a 
               FROM   t2
               WHERE  EXISTS (SELECT min(t2a) 
                              FROM   t3))
-- !query schema
struct<>
-- !query output
org.apache.spark.sql.AnalysisException
{
  "errorClass" : "UNSUPPORTED_SUBQUERY_EXPRESSION_CATEGORY.UNSUPPORTED_CORRELATED_REFERENCE",
  "messageParameters" : {
    "treeNode" : "Aggregate [min(outer(t2a#x)) AS min(outer(t2.t2a))#x]\n+- SubqueryAlias t3\n   +- View (`t3`, [t3a#x,t3b#x,t3c#x])\n      +- Project [cast(t3a#x as int) AS t3a#x, cast(t3b#x as int) AS t3b#x, cast(t3c#x as int) AS t3c#x]\n         +- Project [t3a#x, t3b#x, t3c#x]\n            +- SubqueryAlias t3\n               +- LocalRelation [t3a#x, t3b#x, t3c#x]\n"
  },
  "queryContext" : [ {
    "objectType" : "",
    "objectName" : "",
    "startIndex" : 105,
    "stopIndex" : 160,
    "fragment" : "SELECT min(t2a) \n                              FROM   t3"
  } ]
}


-- !query
CREATE TEMPORARY VIEW t1_copy AS SELECT * FROM VALUES
  (1, 2, 3)
AS t1(t1a, t1b, t1c)
-- !query schema
struct<>
-- !query output



-- !query
SELECT t1.t1a
FROM   t1
JOIN   t1_copy
ON     EXISTS (SELECT 1 FROM t2 WHERE t2a > t1a)
-- !query schema
struct<>
-- !query output
org.apache.spark.sql.AnalysisException
{
  "errorClass" : "UNRESOLVED_COLUMN.WITH_SUGGESTION",
  "sqlState" : "42000",
  "messageParameters" : {
    "objectName" : "`t1a`",
    "proposal" : "`t2`.`t2a`, `t2`.`t2b`, `t2`.`t2c`"
  },
  "queryContext" : [ {
    "objectType" : "",
    "objectName" : "",
    "startIndex" : 84,
    "stopIndex" : 86,
    "fragment" : "t1a"
  } ]
}
