-- Automatically generated by SQLQueryTestSuite
-- !query
create temporary view tab_a as select * from values (1, 1) as tab_a(a1, b1)
-- !query schema
struct<>
-- !query output



-- !query
create temporary view tab_b as select * from values (1, 1) as tab_b(a2, b2)
-- !query schema
struct<>
-- !query output



-- !query
create temporary view struct_tab as select struct(col1 as a, col2 as b) as record from
 values (1, 1), (1, 2), (2, 1), (2, 2)
-- !query schema
struct<>
-- !query output



-- !query
select 1 from tab_a where (a1, b1) not in (select a2, b2 from tab_b)
-- !query schema
struct<1:int>
-- !query output



-- !query
select 1 from tab_a where (a1, b1) not in (select (a2, b2) from tab_b)
-- !query schema
struct<>
-- !query output
org.apache.spark.sql.AnalysisException
{
  "errorClass" : "_LEGACY_ERROR_TEMP_2315",
  "messageParameters" : {
    "hint" : "",
    "msg" : "\nThe number of columns in the left hand side of an IN subquery does not match the\nnumber of columns in the output of subquery.\n#columns in left hand side: 2.\n#columns in right hand side: 1.\nLeft side columns:\n[tab_a.a1, tab_a.b1].\nRight side columns:\n[`named_struct(a2, a2, b2, b2)`].",
    "sqlExpr" : "(named_struct('a1', tab_a.a1, 'b1', tab_a.b1) IN (listquery()))"
  },
  "queryContext" : [ {
    "objectType" : "",
    "objectName" : "",
    "startIndex" : 36,
    "stopIndex" : 70,
    "fragment" : "not in (select (a2, b2) from tab_b)"
  } ]
}


-- !query
select count(*) from struct_tab where record in
  (select (a2 as a, b2 as b) from tab_b)
-- !query schema
struct<count(1):bigint>
-- !query output
1


-- !query
select count(*) from struct_tab where record not in
  (select (a2 as a, b2 as b) from tab_b)
-- !query schema
struct<count(1):bigint>
-- !query output
3
