-- Automatically generated by SQLQueryTestSuite
-- Number of queries: 289


-- !query
CREATE TEMPORARY VIEW t AS SELECT 1
-- !query schema
struct<>
-- !query output



-- !query
SELECT cast(1 as tinyint) in (cast(1 as tinyint)) FROM t
-- !query schema
struct<(CAST(1 AS TINYINT) IN (CAST(1 AS TINYINT))):boolean>
-- !query output
true


-- !query
SELECT cast(1 as tinyint) in (cast(1 as smallint)) FROM t
-- !query schema
struct<(CAST(1 AS TINYINT) IN (CAST(1 AS SMALLINT))):boolean>
-- !query output
true


-- !query
SELECT cast(1 as tinyint) in (cast(1 as int)) FROM t
-- !query schema
struct<(CAST(1 AS TINYINT) IN (CAST(1 AS INT))):boolean>
-- !query output
true


-- !query
SELECT cast(1 as tinyint) in (cast(1 as bigint)) FROM t
-- !query schema
struct<(CAST(1 AS TINYINT) IN (CAST(1 AS BIGINT))):boolean>
-- !query output
true


-- !query
SELECT cast(1 as tinyint) in (cast(1 as float)) FROM t
-- !query schema
struct<(CAST(1 AS TINYINT) IN (CAST(1 AS FLOAT))):boolean>
-- !query output
true


-- !query
SELECT cast(1 as tinyint) in (cast(1 as double)) FROM t
-- !query schema
struct<(CAST(1 AS TINYINT) IN (CAST(1 AS DOUBLE))):boolean>
-- !query output
true


-- !query
SELECT cast(1 as tinyint) in (cast(1 as decimal(10, 0))) FROM t
-- !query schema
struct<(CAST(1 AS TINYINT) IN (CAST(1 AS DECIMAL(10,0)))):boolean>
-- !query output
true


-- !query
SELECT cast(1 as tinyint) in (cast(1 as string)) FROM t
-- !query schema
struct<(CAST(1 AS TINYINT) IN (CAST(1 AS STRING))):boolean>
-- !query output
true


-- !query
SELECT cast(1 as tinyint) in (cast('1' as binary)) FROM t
-- !query schema
struct<>
-- !query output
org.apache.spark.sql.AnalysisException
cannot resolve '(CAST(1 AS TINYINT) IN (CAST('1' AS BINARY)))' due to data type mismatch: Arguments must be same type but were: tinyint != binary; line 1 pos 26


-- !query
SELECT cast(1 as tinyint) in (cast(1 as boolean)) FROM t
-- !query schema
struct<>
-- !query output
org.apache.spark.sql.AnalysisException
cannot resolve '(CAST(1 AS TINYINT) IN (CAST(1 AS BOOLEAN)))' due to data type mismatch: Arguments must be same type but were: tinyint != boolean; line 1 pos 26


-- !query
SELECT cast(1 as tinyint) in (cast('2017-12-11 09:30:00.0' as timestamp)) FROM t
-- !query schema
struct<>
-- !query output
org.apache.spark.sql.AnalysisException
cannot resolve '(CAST(1 AS TINYINT) IN (CAST('2017-12-11 09:30:00.0' AS TIMESTAMP)))' due to data type mismatch: Arguments must be same type but were: tinyint != timestamp; line 1 pos 26


-- !query
SELECT cast(1 as tinyint) in (cast('2017-12-11 09:30:00' as date)) FROM t
-- !query schema
struct<>
-- !query output
org.apache.spark.sql.AnalysisException
cannot resolve '(CAST(1 AS TINYINT) IN (CAST('2017-12-11 09:30:00' AS DATE)))' due to data type mismatch: Arguments must be same type but were: tinyint != date; line 1 pos 26


-- !query
SELECT cast(1 as smallint) in (cast(1 as tinyint)) FROM t
-- !query schema
struct<(CAST(1 AS SMALLINT) IN (CAST(1 AS TINYINT))):boolean>
-- !query output
true


-- !query
SELECT cast(1 as smallint) in (cast(1 as smallint)) FROM t
-- !query schema
struct<(CAST(1 AS SMALLINT) IN (CAST(1 AS SMALLINT))):boolean>
-- !query output
true


-- !query
SELECT cast(1 as smallint) in (cast(1 as int)) FROM t
-- !query schema
struct<(CAST(1 AS SMALLINT) IN (CAST(1 AS INT))):boolean>
-- !query output
true


-- !query
SELECT cast(1 as smallint) in (cast(1 as bigint)) FROM t
-- !query schema
struct<(CAST(1 AS SMALLINT) IN (CAST(1 AS BIGINT))):boolean>
-- !query output
true


-- !query
SELECT cast(1 as smallint) in (cast(1 as float)) FROM t
-- !query schema
struct<(CAST(1 AS SMALLINT) IN (CAST(1 AS FLOAT))):boolean>
-- !query output
true


-- !query
SELECT cast(1 as smallint) in (cast(1 as double)) FROM t
-- !query schema
struct<(CAST(1 AS SMALLINT) IN (CAST(1 AS DOUBLE))):boolean>
-- !query output
true


-- !query
SELECT cast(1 as smallint) in (cast(1 as decimal(10, 0))) FROM t
-- !query schema
struct<(CAST(1 AS SMALLINT) IN (CAST(1 AS DECIMAL(10,0)))):boolean>
-- !query output
true


-- !query
SELECT cast(1 as smallint) in (cast(1 as string)) FROM t
-- !query schema
struct<(CAST(1 AS SMALLINT) IN (CAST(1 AS STRING))):boolean>
-- !query output
true


-- !query
SELECT cast(1 as smallint) in (cast('1' as binary)) FROM t
-- !query schema
struct<>
-- !query output
org.apache.spark.sql.AnalysisException
cannot resolve '(CAST(1 AS SMALLINT) IN (CAST('1' AS BINARY)))' due to data type mismatch: Arguments must be same type but were: smallint != binary; line 1 pos 27


-- !query
SELECT cast(1 as smallint) in (cast(1 as boolean)) FROM t
-- !query schema
struct<>
-- !query output
org.apache.spark.sql.AnalysisException
cannot resolve '(CAST(1 AS SMALLINT) IN (CAST(1 AS BOOLEAN)))' due to data type mismatch: Arguments must be same type but were: smallint != boolean; line 1 pos 27


-- !query
SELECT cast(1 as smallint) in (cast('2017-12-11 09:30:00.0' as timestamp)) FROM t
-- !query schema
struct<>
-- !query output
org.apache.spark.sql.AnalysisException
cannot resolve '(CAST(1 AS SMALLINT) IN (CAST('2017-12-11 09:30:00.0' AS TIMESTAMP)))' due to data type mismatch: Arguments must be same type but were: smallint != timestamp; line 1 pos 27


-- !query
SELECT cast(1 as smallint) in (cast('2017-12-11 09:30:00' as date)) FROM t
-- !query schema
struct<>
-- !query output
org.apache.spark.sql.AnalysisException
cannot resolve '(CAST(1 AS SMALLINT) IN (CAST('2017-12-11 09:30:00' AS DATE)))' due to data type mismatch: Arguments must be same type but were: smallint != date; line 1 pos 27


-- !query
SELECT cast(1 as int) in (cast(1 as tinyint)) FROM t
-- !query schema
struct<(CAST(1 AS INT) IN (CAST(1 AS TINYINT))):boolean>
-- !query output
true


-- !query
SELECT cast(1 as int) in (cast(1 as smallint)) FROM t
-- !query schema
struct<(CAST(1 AS INT) IN (CAST(1 AS SMALLINT))):boolean>
-- !query output
true


-- !query
SELECT cast(1 as int) in (cast(1 as int)) FROM t
-- !query schema
struct<(CAST(1 AS INT) IN (CAST(1 AS INT))):boolean>
-- !query output
true


-- !query
SELECT cast(1 as int) in (cast(1 as bigint)) FROM t
-- !query schema
struct<(CAST(1 AS INT) IN (CAST(1 AS BIGINT))):boolean>
-- !query output
true


-- !query
SELECT cast(1 as int) in (cast(1 as float)) FROM t
-- !query schema
struct<(CAST(1 AS INT) IN (CAST(1 AS FLOAT))):boolean>
-- !query output
true


-- !query
SELECT cast(1 as int) in (cast(1 as double)) FROM t
-- !query schema
struct<(CAST(1 AS INT) IN (CAST(1 AS DOUBLE))):boolean>
-- !query output
true


-- !query
SELECT cast(1 as int) in (cast(1 as decimal(10, 0))) FROM t
-- !query schema
struct<(CAST(1 AS INT) IN (CAST(1 AS DECIMAL(10,0)))):boolean>
-- !query output
true


-- !query
SELECT cast(1 as int) in (cast(1 as string)) FROM t
-- !query schema
struct<(CAST(1 AS INT) IN (CAST(1 AS STRING))):boolean>
-- !query output
true


-- !query
SELECT cast(1 as int) in (cast('1' as binary)) FROM t
-- !query schema
struct<>
-- !query output
org.apache.spark.sql.AnalysisException
cannot resolve '(CAST(1 AS INT) IN (CAST('1' AS BINARY)))' due to data type mismatch: Arguments must be same type but were: int != binary; line 1 pos 22


-- !query
SELECT cast(1 as int) in (cast(1 as boolean)) FROM t
-- !query schema
struct<>
-- !query output
org.apache.spark.sql.AnalysisException
cannot resolve '(CAST(1 AS INT) IN (CAST(1 AS BOOLEAN)))' due to data type mismatch: Arguments must be same type but were: int != boolean; line 1 pos 22


-- !query
SELECT cast(1 as int) in (cast('2017-12-11 09:30:00.0' as timestamp)) FROM t
-- !query schema
struct<>
-- !query output
org.apache.spark.sql.AnalysisException
cannot resolve '(CAST(1 AS INT) IN (CAST('2017-12-11 09:30:00.0' AS TIMESTAMP)))' due to data type mismatch: Arguments must be same type but were: int != timestamp; line 1 pos 22


-- !query
SELECT cast(1 as int) in (cast('2017-12-11 09:30:00' as date)) FROM t
-- !query schema
struct<>
-- !query output
org.apache.spark.sql.AnalysisException
cannot resolve '(CAST(1 AS INT) IN (CAST('2017-12-11 09:30:00' AS DATE)))' due to data type mismatch: Arguments must be same type but were: int != date; line 1 pos 22


-- !query
SELECT cast(1 as bigint) in (cast(1 as tinyint)) FROM t
-- !query schema
struct<(CAST(1 AS BIGINT) IN (CAST(1 AS TINYINT))):boolean>
-- !query output
true


-- !query
SELECT cast(1 as bigint) in (cast(1 as smallint)) FROM t
-- !query schema
struct<(CAST(1 AS BIGINT) IN (CAST(1 AS SMALLINT))):boolean>
-- !query output
true


-- !query
SELECT cast(1 as bigint) in (cast(1 as int)) FROM t
-- !query schema
struct<(CAST(1 AS BIGINT) IN (CAST(1 AS INT))):boolean>
-- !query output
true


-- !query
SELECT cast(1 as bigint) in (cast(1 as bigint)) FROM t
-- !query schema
struct<(CAST(1 AS BIGINT) IN (CAST(1 AS BIGINT))):boolean>
-- !query output
true


-- !query
SELECT cast(1 as bigint) in (cast(1 as float)) FROM t
-- !query schema
struct<(CAST(1 AS BIGINT) IN (CAST(1 AS FLOAT))):boolean>
-- !query output
true


-- !query
SELECT cast(1 as bigint) in (cast(1 as double)) FROM t
-- !query schema
struct<(CAST(1 AS BIGINT) IN (CAST(1 AS DOUBLE))):boolean>
-- !query output
true


-- !query
SELECT cast(1 as bigint) in (cast(1 as decimal(10, 0))) FROM t
-- !query schema
struct<(CAST(1 AS BIGINT) IN (CAST(1 AS DECIMAL(10,0)))):boolean>
-- !query output
true


-- !query
SELECT cast(1 as bigint) in (cast(1 as string)) FROM t
-- !query schema
struct<(CAST(1 AS BIGINT) IN (CAST(1 AS STRING))):boolean>
-- !query output
true


-- !query
SELECT cast(1 as bigint) in (cast('1' as binary)) FROM t
-- !query schema
struct<>
-- !query output
org.apache.spark.sql.AnalysisException
cannot resolve '(CAST(1 AS BIGINT) IN (CAST('1' AS BINARY)))' due to data type mismatch: Arguments must be same type but were: bigint != binary; line 1 pos 25


-- !query
SELECT cast(1 as bigint) in (cast(1 as boolean)) FROM t
-- !query schema
struct<>
-- !query output
org.apache.spark.sql.AnalysisException
cannot resolve '(CAST(1 AS BIGINT) IN (CAST(1 AS BOOLEAN)))' due to data type mismatch: Arguments must be same type but were: bigint != boolean; line 1 pos 25


-- !query
SELECT cast(1 as bigint) in (cast('2017-12-11 09:30:00.0' as timestamp)) FROM t
-- !query schema
struct<>
-- !query output
org.apache.spark.sql.AnalysisException
cannot resolve '(CAST(1 AS BIGINT) IN (CAST('2017-12-11 09:30:00.0' AS TIMESTAMP)))' due to data type mismatch: Arguments must be same type but were: bigint != timestamp; line 1 pos 25


-- !query
SELECT cast(1 as bigint) in (cast('2017-12-11 09:30:00' as date)) FROM t
-- !query schema
struct<>
-- !query output
org.apache.spark.sql.AnalysisException
cannot resolve '(CAST(1 AS BIGINT) IN (CAST('2017-12-11 09:30:00' AS DATE)))' due to data type mismatch: Arguments must be same type but were: bigint != date; line 1 pos 25


-- !query
SELECT cast(1 as float) in (cast(1 as tinyint)) FROM t
-- !query schema
struct<(CAST(1 AS FLOAT) IN (CAST(1 AS TINYINT))):boolean>
-- !query output
true


-- !query
SELECT cast(1 as float) in (cast(1 as smallint)) FROM t
-- !query schema
struct<(CAST(1 AS FLOAT) IN (CAST(1 AS SMALLINT))):boolean>
-- !query output
true


-- !query
SELECT cast(1 as float) in (cast(1 as int)) FROM t
-- !query schema
struct<(CAST(1 AS FLOAT) IN (CAST(1 AS INT))):boolean>
-- !query output
true


-- !query
SELECT cast(1 as float) in (cast(1 as bigint)) FROM t
-- !query schema
struct<(CAST(1 AS FLOAT) IN (CAST(1 AS BIGINT))):boolean>
-- !query output
true


-- !query
SELECT cast(1 as float) in (cast(1 as float)) FROM t
-- !query schema
struct<(CAST(1 AS FLOAT) IN (CAST(1 AS FLOAT))):boolean>
-- !query output
true


-- !query
SELECT cast(1 as float) in (cast(1 as double)) FROM t
-- !query schema
struct<(CAST(1 AS FLOAT) IN (CAST(1 AS DOUBLE))):boolean>
-- !query output
true


-- !query
SELECT cast(1 as float) in (cast(1 as decimal(10, 0))) FROM t
-- !query schema
struct<(CAST(1 AS FLOAT) IN (CAST(1 AS DECIMAL(10,0)))):boolean>
-- !query output
true


-- !query
SELECT cast(1 as float) in (cast(1 as string)) FROM t
-- !query schema
struct<(CAST(1 AS FLOAT) IN (CAST(1 AS STRING))):boolean>
-- !query output
false


-- !query
SELECT cast(1 as float) in (cast('1' as binary)) FROM t
-- !query schema
struct<>
-- !query output
org.apache.spark.sql.AnalysisException
cannot resolve '(CAST(1 AS FLOAT) IN (CAST('1' AS BINARY)))' due to data type mismatch: Arguments must be same type but were: float != binary; line 1 pos 24


-- !query
SELECT cast(1 as float) in (cast(1 as boolean)) FROM t
-- !query schema
struct<>
-- !query output
org.apache.spark.sql.AnalysisException
cannot resolve '(CAST(1 AS FLOAT) IN (CAST(1 AS BOOLEAN)))' due to data type mismatch: Arguments must be same type but were: float != boolean; line 1 pos 24


-- !query
SELECT cast(1 as float) in (cast('2017-12-11 09:30:00.0' as timestamp)) FROM t
-- !query schema
struct<>
-- !query output
org.apache.spark.sql.AnalysisException
cannot resolve '(CAST(1 AS FLOAT) IN (CAST('2017-12-11 09:30:00.0' AS TIMESTAMP)))' due to data type mismatch: Arguments must be same type but were: float != timestamp; line 1 pos 24


-- !query
SELECT cast(1 as float) in (cast('2017-12-11 09:30:00' as date)) FROM t
-- !query schema
struct<>
-- !query output
org.apache.spark.sql.AnalysisException
cannot resolve '(CAST(1 AS FLOAT) IN (CAST('2017-12-11 09:30:00' AS DATE)))' due to data type mismatch: Arguments must be same type but were: float != date; line 1 pos 24


-- !query
SELECT cast(1 as double) in (cast(1 as tinyint)) FROM t
-- !query schema
struct<(CAST(1 AS DOUBLE) IN (CAST(1 AS TINYINT))):boolean>
-- !query output
true


-- !query
SELECT cast(1 as double) in (cast(1 as smallint)) FROM t
-- !query schema
struct<(CAST(1 AS DOUBLE) IN (CAST(1 AS SMALLINT))):boolean>
-- !query output
true


-- !query
SELECT cast(1 as double) in (cast(1 as int)) FROM t
-- !query schema
struct<(CAST(1 AS DOUBLE) IN (CAST(1 AS INT))):boolean>
-- !query output
true


-- !query
SELECT cast(1 as double) in (cast(1 as bigint)) FROM t
-- !query schema
struct<(CAST(1 AS DOUBLE) IN (CAST(1 AS BIGINT))):boolean>
-- !query output
true


-- !query
SELECT cast(1 as double) in (cast(1 as float)) FROM t
-- !query schema
struct<(CAST(1 AS DOUBLE) IN (CAST(1 AS FLOAT))):boolean>
-- !query output
true


-- !query
SELECT cast(1 as double) in (cast(1 as double)) FROM t
-- !query schema
struct<(CAST(1 AS DOUBLE) IN (CAST(1 AS DOUBLE))):boolean>
-- !query output
true


-- !query
SELECT cast(1 as double) in (cast(1 as decimal(10, 0))) FROM t
-- !query schema
struct<(CAST(1 AS DOUBLE) IN (CAST(1 AS DECIMAL(10,0)))):boolean>
-- !query output
true


-- !query
SELECT cast(1 as double) in (cast(1 as string)) FROM t
-- !query schema
struct<(CAST(1 AS DOUBLE) IN (CAST(1 AS STRING))):boolean>
-- !query output
false


-- !query
SELECT cast(1 as double) in (cast('1' as binary)) FROM t
-- !query schema
struct<>
-- !query output
org.apache.spark.sql.AnalysisException
cannot resolve '(CAST(1 AS DOUBLE) IN (CAST('1' AS BINARY)))' due to data type mismatch: Arguments must be same type but were: double != binary; line 1 pos 25


-- !query
SELECT cast(1 as double) in (cast(1 as boolean)) FROM t
-- !query schema
struct<>
-- !query output
org.apache.spark.sql.AnalysisException
cannot resolve '(CAST(1 AS DOUBLE) IN (CAST(1 AS BOOLEAN)))' due to data type mismatch: Arguments must be same type but were: double != boolean; line 1 pos 25


-- !query
SELECT cast(1 as double) in (cast('2017-12-11 09:30:00.0' as timestamp)) FROM t
-- !query schema
struct<>
-- !query output
org.apache.spark.sql.AnalysisException
cannot resolve '(CAST(1 AS DOUBLE) IN (CAST('2017-12-11 09:30:00.0' AS TIMESTAMP)))' due to data type mismatch: Arguments must be same type but were: double != timestamp; line 1 pos 25


-- !query
SELECT cast(1 as double) in (cast('2017-12-11 09:30:00' as date)) FROM t
-- !query schema
struct<>
-- !query output
org.apache.spark.sql.AnalysisException
cannot resolve '(CAST(1 AS DOUBLE) IN (CAST('2017-12-11 09:30:00' AS DATE)))' due to data type mismatch: Arguments must be same type but were: double != date; line 1 pos 25


-- !query
SELECT cast(1 as decimal(10, 0)) in (cast(1 as tinyint)) FROM t
-- !query schema
struct<(CAST(1 AS DECIMAL(10,0)) IN (CAST(1 AS TINYINT))):boolean>
-- !query output
true


-- !query
SELECT cast(1 as decimal(10, 0)) in (cast(1 as smallint)) FROM t
-- !query schema
struct<(CAST(1 AS DECIMAL(10,0)) IN (CAST(1 AS SMALLINT))):boolean>
-- !query output
true


-- !query
SELECT cast(1 as decimal(10, 0)) in (cast(1 as int)) FROM t
-- !query schema
struct<(CAST(1 AS DECIMAL(10,0)) IN (CAST(1 AS INT))):boolean>
-- !query output
true


-- !query
SELECT cast(1 as decimal(10, 0)) in (cast(1 as bigint)) FROM t
-- !query schema
struct<(CAST(1 AS DECIMAL(10,0)) IN (CAST(1 AS BIGINT))):boolean>
-- !query output
true


-- !query
SELECT cast(1 as decimal(10, 0)) in (cast(1 as float)) FROM t
-- !query schema
struct<(CAST(1 AS DECIMAL(10,0)) IN (CAST(1 AS FLOAT))):boolean>
-- !query output
true


-- !query
SELECT cast(1 as decimal(10, 0)) in (cast(1 as double)) FROM t
-- !query schema
struct<(CAST(1 AS DECIMAL(10,0)) IN (CAST(1 AS DOUBLE))):boolean>
-- !query output
true


-- !query
SELECT cast(1 as decimal(10, 0)) in (cast(1 as decimal(10, 0))) FROM t
-- !query schema
struct<(CAST(1 AS DECIMAL(10,0)) IN (CAST(1 AS DECIMAL(10,0)))):boolean>
-- !query output
true


-- !query
SELECT cast(1 as decimal(10, 0)) in (cast(1 as string)) FROM t
-- !query schema
struct<(CAST(1 AS DECIMAL(10,0)) IN (CAST(1 AS STRING))):boolean>
-- !query output
true


-- !query
SELECT cast(1 as decimal(10, 0)) in (cast('1' as binary)) FROM t
-- !query schema
struct<>
-- !query output
org.apache.spark.sql.AnalysisException
cannot resolve '(CAST(1 AS DECIMAL(10,0)) IN (CAST('1' AS BINARY)))' due to data type mismatch: Arguments must be same type but were: decimal(10,0) != binary; line 1 pos 33


-- !query
SELECT cast(1 as decimal(10, 0)) in (cast(1 as boolean)) FROM t
-- !query schema
struct<>
-- !query output
org.apache.spark.sql.AnalysisException
cannot resolve '(CAST(1 AS DECIMAL(10,0)) IN (CAST(1 AS BOOLEAN)))' due to data type mismatch: Arguments must be same type but were: decimal(10,0) != boolean; line 1 pos 33


-- !query
SELECT cast(1 as decimal(10, 0)) in (cast('2017-12-11 09:30:00.0' as timestamp)) FROM t
-- !query schema
struct<>
-- !query output
org.apache.spark.sql.AnalysisException
cannot resolve '(CAST(1 AS DECIMAL(10,0)) IN (CAST('2017-12-11 09:30:00.0' AS TIMESTAMP)))' due to data type mismatch: Arguments must be same type but were: decimal(10,0) != timestamp; line 1 pos 33


-- !query
SELECT cast(1 as decimal(10, 0)) in (cast('2017-12-11 09:30:00' as date)) FROM t
-- !query schema
struct<>
-- !query output
org.apache.spark.sql.AnalysisException
cannot resolve '(CAST(1 AS DECIMAL(10,0)) IN (CAST('2017-12-11 09:30:00' AS DATE)))' due to data type mismatch: Arguments must be same type but were: decimal(10,0) != date; line 1 pos 33


-- !query
SELECT cast(1 as string) in (cast(1 as tinyint)) FROM t
-- !query schema
struct<(CAST(1 AS STRING) IN (CAST(1 AS TINYINT))):boolean>
-- !query output
true


-- !query
SELECT cast(1 as string) in (cast(1 as smallint)) FROM t
-- !query schema
struct<(CAST(1 AS STRING) IN (CAST(1 AS SMALLINT))):boolean>
-- !query output
true


-- !query
SELECT cast(1 as string) in (cast(1 as int)) FROM t
-- !query schema
struct<(CAST(1 AS STRING) IN (CAST(1 AS INT))):boolean>
-- !query output
true


-- !query
SELECT cast(1 as string) in (cast(1 as bigint)) FROM t
-- !query schema
struct<(CAST(1 AS STRING) IN (CAST(1 AS BIGINT))):boolean>
-- !query output
true


-- !query
SELECT cast(1 as string) in (cast(1 as float)) FROM t
-- !query schema
struct<(CAST(1 AS STRING) IN (CAST(1 AS FLOAT))):boolean>
-- !query output
false


-- !query
SELECT cast(1 as string) in (cast(1 as double)) FROM t
-- !query schema
struct<(CAST(1 AS STRING) IN (CAST(1 AS DOUBLE))):boolean>
-- !query output
false


-- !query
SELECT cast(1 as string) in (cast(1 as decimal(10, 0))) FROM t
-- !query schema
struct<(CAST(1 AS STRING) IN (CAST(1 AS DECIMAL(10,0)))):boolean>
-- !query output
true


-- !query
SELECT cast(1 as string) in (cast(1 as string)) FROM t
-- !query schema
struct<(CAST(1 AS STRING) IN (CAST(1 AS STRING))):boolean>
-- !query output
true


-- !query
SELECT cast(1 as string) in (cast('1' as binary)) FROM t
-- !query schema
struct<>
-- !query output
org.apache.spark.sql.AnalysisException
cannot resolve '(CAST(1 AS STRING) IN (CAST('1' AS BINARY)))' due to data type mismatch: Arguments must be same type but were: string != binary; line 1 pos 25


-- !query
SELECT cast(1 as string) in (cast(1 as boolean)) FROM t
-- !query schema
struct<>
-- !query output
org.apache.spark.sql.AnalysisException
cannot resolve '(CAST(1 AS STRING) IN (CAST(1 AS BOOLEAN)))' due to data type mismatch: Arguments must be same type but were: string != boolean; line 1 pos 25


-- !query
SELECT cast(1 as string) in (cast('2017-12-11 09:30:00.0' as timestamp)) FROM t
-- !query schema
struct<(CAST(1 AS STRING) IN (CAST(2017-12-11 09:30:00.0 AS TIMESTAMP))):boolean>
-- !query output
false


-- !query
SELECT cast(1 as string) in (cast('2017-12-11 09:30:00' as date)) FROM t
-- !query schema
struct<(CAST(1 AS STRING) IN (CAST(2017-12-11 09:30:00 AS DATE))):boolean>
-- !query output
false


-- !query
SELECT cast('1' as binary) in (cast(1 as tinyint)) FROM t
-- !query schema
struct<>
-- !query output
org.apache.spark.sql.AnalysisException
cannot resolve '(CAST('1' AS BINARY) IN (CAST(1 AS TINYINT)))' due to data type mismatch: Arguments must be same type but were: binary != tinyint; line 1 pos 27


-- !query
SELECT cast('1' as binary) in (cast(1 as smallint)) FROM t
-- !query schema
struct<>
-- !query output
org.apache.spark.sql.AnalysisException
cannot resolve '(CAST('1' AS BINARY) IN (CAST(1 AS SMALLINT)))' due to data type mismatch: Arguments must be same type but were: binary != smallint; line 1 pos 27


-- !query
SELECT cast('1' as binary) in (cast(1 as int)) FROM t
-- !query schema
struct<>
-- !query output
org.apache.spark.sql.AnalysisException
cannot resolve '(CAST('1' AS BINARY) IN (CAST(1 AS INT)))' due to data type mismatch: Arguments must be same type but were: binary != int; line 1 pos 27


-- !query
SELECT cast('1' as binary) in (cast(1 as bigint)) FROM t
-- !query schema
struct<>
-- !query output
org.apache.spark.sql.AnalysisException
cannot resolve '(CAST('1' AS BINARY) IN (CAST(1 AS BIGINT)))' due to data type mismatch: Arguments must be same type but were: binary != bigint; line 1 pos 27


-- !query
SELECT cast('1' as binary) in (cast(1 as float)) FROM t
-- !query schema
struct<>
-- !query output
org.apache.spark.sql.AnalysisException
cannot resolve '(CAST('1' AS BINARY) IN (CAST(1 AS FLOAT)))' due to data type mismatch: Arguments must be same type but were: binary != float; line 1 pos 27


-- !query
SELECT cast('1' as binary) in (cast(1 as double)) FROM t
-- !query schema
struct<>
-- !query output
org.apache.spark.sql.AnalysisException
cannot resolve '(CAST('1' AS BINARY) IN (CAST(1 AS DOUBLE)))' due to data type mismatch: Arguments must be same type but were: binary != double; line 1 pos 27


-- !query
SELECT cast('1' as binary) in (cast(1 as decimal(10, 0))) FROM t
-- !query schema
struct<>
-- !query output
org.apache.spark.sql.AnalysisException
cannot resolve '(CAST('1' AS BINARY) IN (CAST(1 AS DECIMAL(10,0))))' due to data type mismatch: Arguments must be same type but were: binary != decimal(10,0); line 1 pos 27


-- !query
SELECT cast('1' as binary) in (cast(1 as string)) FROM t
-- !query schema
struct<>
-- !query output
org.apache.spark.sql.AnalysisException
cannot resolve '(CAST('1' AS BINARY) IN (CAST(1 AS STRING)))' due to data type mismatch: Arguments must be same type but were: binary != string; line 1 pos 27


-- !query
SELECT cast('1' as binary) in (cast('1' as binary)) FROM t
-- !query schema
struct<(CAST(1 AS BINARY) IN (CAST(1 AS BINARY))):boolean>
-- !query output
true


-- !query
SELECT cast('1' as binary) in (cast(1 as boolean)) FROM t
-- !query schema
struct<>
-- !query output
org.apache.spark.sql.AnalysisException
cannot resolve '(CAST('1' AS BINARY) IN (CAST(1 AS BOOLEAN)))' due to data type mismatch: Arguments must be same type but were: binary != boolean; line 1 pos 27


-- !query
SELECT cast('1' as binary) in (cast('2017-12-11 09:30:00.0' as timestamp)) FROM t
-- !query schema
struct<>
-- !query output
org.apache.spark.sql.AnalysisException
cannot resolve '(CAST('1' AS BINARY) IN (CAST('2017-12-11 09:30:00.0' AS TIMESTAMP)))' due to data type mismatch: Arguments must be same type but were: binary != timestamp; line 1 pos 27


-- !query
SELECT cast('1' as binary) in (cast('2017-12-11 09:30:00' as date)) FROM t
-- !query schema
struct<>
-- !query output
org.apache.spark.sql.AnalysisException
cannot resolve '(CAST('1' AS BINARY) IN (CAST('2017-12-11 09:30:00' AS DATE)))' due to data type mismatch: Arguments must be same type but were: binary != date; line 1 pos 27


-- !query
SELECT true in (cast(1 as tinyint)) FROM t
-- !query schema
struct<>
-- !query output
org.apache.spark.sql.AnalysisException
cannot resolve '(true IN (CAST(1 AS TINYINT)))' due to data type mismatch: Arguments must be same type but were: boolean != tinyint; line 1 pos 12


-- !query
SELECT true in (cast(1 as smallint)) FROM t
-- !query schema
struct<>
-- !query output
org.apache.spark.sql.AnalysisException
cannot resolve '(true IN (CAST(1 AS SMALLINT)))' due to data type mismatch: Arguments must be same type but were: boolean != smallint; line 1 pos 12


-- !query
SELECT true in (cast(1 as int)) FROM t
-- !query schema
struct<>
-- !query output
org.apache.spark.sql.AnalysisException
cannot resolve '(true IN (CAST(1 AS INT)))' due to data type mismatch: Arguments must be same type but were: boolean != int; line 1 pos 12


-- !query
SELECT true in (cast(1 as bigint)) FROM t
-- !query schema
struct<>
-- !query output
org.apache.spark.sql.AnalysisException
cannot resolve '(true IN (CAST(1 AS BIGINT)))' due to data type mismatch: Arguments must be same type but were: boolean != bigint; line 1 pos 12


-- !query
SELECT true in (cast(1 as float)) FROM t
-- !query schema
struct<>
-- !query output
org.apache.spark.sql.AnalysisException
cannot resolve '(true IN (CAST(1 AS FLOAT)))' due to data type mismatch: Arguments must be same type but were: boolean != float; line 1 pos 12


-- !query
SELECT true in (cast(1 as double)) FROM t
-- !query schema
struct<>
-- !query output
org.apache.spark.sql.AnalysisException
cannot resolve '(true IN (CAST(1 AS DOUBLE)))' due to data type mismatch: Arguments must be same type but were: boolean != double; line 1 pos 12


-- !query
SELECT true in (cast(1 as decimal(10, 0))) FROM t
-- !query schema
struct<>
-- !query output
org.apache.spark.sql.AnalysisException
cannot resolve '(true IN (CAST(1 AS DECIMAL(10,0))))' due to data type mismatch: Arguments must be same type but were: boolean != decimal(10,0); line 1 pos 12


-- !query
SELECT true in (cast(1 as string)) FROM t
-- !query schema
struct<>
-- !query output
org.apache.spark.sql.AnalysisException
cannot resolve '(true IN (CAST(1 AS STRING)))' due to data type mismatch: Arguments must be same type but were: boolean != string; line 1 pos 12


-- !query
SELECT true in (cast('1' as binary)) FROM t
-- !query schema
struct<>
-- !query output
org.apache.spark.sql.AnalysisException
cannot resolve '(true IN (CAST('1' AS BINARY)))' due to data type mismatch: Arguments must be same type but were: boolean != binary; line 1 pos 12


-- !query
SELECT true in (cast(1 as boolean)) FROM t
-- !query schema
struct<(true IN (CAST(1 AS BOOLEAN))):boolean>
-- !query output
true


-- !query
SELECT true in (cast('2017-12-11 09:30:00.0' as timestamp)) FROM t
-- !query schema
struct<>
-- !query output
org.apache.spark.sql.AnalysisException
cannot resolve '(true IN (CAST('2017-12-11 09:30:00.0' AS TIMESTAMP)))' due to data type mismatch: Arguments must be same type but were: boolean != timestamp; line 1 pos 12


-- !query
SELECT true in (cast('2017-12-11 09:30:00' as date)) FROM t
-- !query schema
struct<>
-- !query output
org.apache.spark.sql.AnalysisException
cannot resolve '(true IN (CAST('2017-12-11 09:30:00' AS DATE)))' due to data type mismatch: Arguments must be same type but were: boolean != date; line 1 pos 12


-- !query
SELECT cast('2017-12-12 09:30:00.0' as timestamp) in (cast(2 as tinyint)) FROM t
-- !query schema
struct<>
-- !query output
org.apache.spark.sql.AnalysisException
cannot resolve '(CAST('2017-12-12 09:30:00.0' AS TIMESTAMP) IN (CAST(2 AS TINYINT)))' due to data type mismatch: Arguments must be same type but were: timestamp != tinyint; line 1 pos 50


-- !query
SELECT cast('2017-12-12 09:30:00.0' as timestamp) in (cast(2 as smallint)) FROM t
-- !query schema
struct<>
-- !query output
org.apache.spark.sql.AnalysisException
cannot resolve '(CAST('2017-12-12 09:30:00.0' AS TIMESTAMP) IN (CAST(2 AS SMALLINT)))' due to data type mismatch: Arguments must be same type but were: timestamp != smallint; line 1 pos 50


-- !query
SELECT cast('2017-12-12 09:30:00.0' as timestamp) in (cast(2 as int)) FROM t
-- !query schema
struct<>
-- !query output
org.apache.spark.sql.AnalysisException
cannot resolve '(CAST('2017-12-12 09:30:00.0' AS TIMESTAMP) IN (CAST(2 AS INT)))' due to data type mismatch: Arguments must be same type but were: timestamp != int; line 1 pos 50


-- !query
SELECT cast('2017-12-12 09:30:00.0' as timestamp) in (cast(2 as bigint)) FROM t
-- !query schema
struct<>
-- !query output
org.apache.spark.sql.AnalysisException
cannot resolve '(CAST('2017-12-12 09:30:00.0' AS TIMESTAMP) IN (CAST(2 AS BIGINT)))' due to data type mismatch: Arguments must be same type but were: timestamp != bigint; line 1 pos 50


-- !query
SELECT cast('2017-12-12 09:30:00.0' as timestamp) in (cast(2 as float)) FROM t
-- !query schema
struct<>
-- !query output
org.apache.spark.sql.AnalysisException
cannot resolve '(CAST('2017-12-12 09:30:00.0' AS TIMESTAMP) IN (CAST(2 AS FLOAT)))' due to data type mismatch: Arguments must be same type but were: timestamp != float; line 1 pos 50


-- !query
SELECT cast('2017-12-12 09:30:00.0' as timestamp) in (cast(2 as double)) FROM t
-- !query schema
struct<>
-- !query output
org.apache.spark.sql.AnalysisException
cannot resolve '(CAST('2017-12-12 09:30:00.0' AS TIMESTAMP) IN (CAST(2 AS DOUBLE)))' due to data type mismatch: Arguments must be same type but were: timestamp != double; line 1 pos 50


-- !query
SELECT cast('2017-12-12 09:30:00.0' as timestamp) in (cast(2 as decimal(10, 0))) FROM t
-- !query schema
struct<>
-- !query output
org.apache.spark.sql.AnalysisException
cannot resolve '(CAST('2017-12-12 09:30:00.0' AS TIMESTAMP) IN (CAST(2 AS DECIMAL(10,0))))' due to data type mismatch: Arguments must be same type but were: timestamp != decimal(10,0); line 1 pos 50


-- !query
SELECT cast('2017-12-12 09:30:00.0' as timestamp) in (cast(2 as string)) FROM t
-- !query schema
struct<(CAST(2017-12-12 09:30:00.0 AS TIMESTAMP) IN (CAST(2 AS STRING))):boolean>
-- !query output
false


-- !query
SELECT cast('2017-12-12 09:30:00.0' as timestamp) in (cast('2' as binary)) FROM t
-- !query schema
struct<>
-- !query output
org.apache.spark.sql.AnalysisException
cannot resolve '(CAST('2017-12-12 09:30:00.0' AS TIMESTAMP) IN (CAST('2' AS BINARY)))' due to data type mismatch: Arguments must be same type but were: timestamp != binary; line 1 pos 50


-- !query
SELECT cast('2017-12-12 09:30:00.0' as timestamp) in (cast(2 as boolean)) FROM t
-- !query schema
struct<>
-- !query output
org.apache.spark.sql.AnalysisException
cannot resolve '(CAST('2017-12-12 09:30:00.0' AS TIMESTAMP) IN (CAST(2 AS BOOLEAN)))' due to data type mismatch: Arguments must be same type but were: timestamp != boolean; line 1 pos 50


-- !query
SELECT cast('2017-12-12 09:30:00.0' as timestamp) in (cast('2017-12-11 09:30:00.0' as timestamp)) FROM t
-- !query schema
struct<(CAST(2017-12-12 09:30:00.0 AS TIMESTAMP) IN (CAST(2017-12-11 09:30:00.0 AS TIMESTAMP))):boolean>
-- !query output
false


-- !query
SELECT cast('2017-12-12 09:30:00.0' as timestamp) in (cast('2017-12-11 09:30:00' as date)) FROM t
-- !query schema
struct<(CAST(2017-12-12 09:30:00.0 AS TIMESTAMP) IN (CAST(2017-12-11 09:30:00 AS DATE))):boolean>
-- !query output
false


-- !query
SELECT cast('2017-12-12 09:30:00' as date) in (cast(2 as tinyint)) FROM t
-- !query schema
struct<>
-- !query output
org.apache.spark.sql.AnalysisException
cannot resolve '(CAST('2017-12-12 09:30:00' AS DATE) IN (CAST(2 AS TINYINT)))' due to data type mismatch: Arguments must be same type but were: date != tinyint; line 1 pos 43


-- !query
SELECT cast('2017-12-12 09:30:00' as date) in (cast(2 as smallint)) FROM t
-- !query schema
struct<>
-- !query output
org.apache.spark.sql.AnalysisException
cannot resolve '(CAST('2017-12-12 09:30:00' AS DATE) IN (CAST(2 AS SMALLINT)))' due to data type mismatch: Arguments must be same type but were: date != smallint; line 1 pos 43


-- !query
SELECT cast('2017-12-12 09:30:00' as date) in (cast(2 as int)) FROM t
-- !query schema
struct<>
-- !query output
org.apache.spark.sql.AnalysisException
cannot resolve '(CAST('2017-12-12 09:30:00' AS DATE) IN (CAST(2 AS INT)))' due to data type mismatch: Arguments must be same type but were: date != int; line 1 pos 43


-- !query
SELECT cast('2017-12-12 09:30:00' as date) in (cast(2 as bigint)) FROM t
-- !query schema
struct<>
-- !query output
org.apache.spark.sql.AnalysisException
cannot resolve '(CAST('2017-12-12 09:30:00' AS DATE) IN (CAST(2 AS BIGINT)))' due to data type mismatch: Arguments must be same type but were: date != bigint; line 1 pos 43


-- !query
SELECT cast('2017-12-12 09:30:00' as date) in (cast(2 as float)) FROM t
-- !query schema
struct<>
-- !query output
org.apache.spark.sql.AnalysisException
cannot resolve '(CAST('2017-12-12 09:30:00' AS DATE) IN (CAST(2 AS FLOAT)))' due to data type mismatch: Arguments must be same type but were: date != float; line 1 pos 43


-- !query
SELECT cast('2017-12-12 09:30:00' as date) in (cast(2 as double)) FROM t
-- !query schema
struct<>
-- !query output
org.apache.spark.sql.AnalysisException
cannot resolve '(CAST('2017-12-12 09:30:00' AS DATE) IN (CAST(2 AS DOUBLE)))' due to data type mismatch: Arguments must be same type but were: date != double; line 1 pos 43


-- !query
SELECT cast('2017-12-12 09:30:00' as date) in (cast(2 as decimal(10, 0))) FROM t
-- !query schema
struct<>
-- !query output
org.apache.spark.sql.AnalysisException
cannot resolve '(CAST('2017-12-12 09:30:00' AS DATE) IN (CAST(2 AS DECIMAL(10,0))))' due to data type mismatch: Arguments must be same type but were: date != decimal(10,0); line 1 pos 43


-- !query
SELECT cast('2017-12-12 09:30:00' as date) in (cast(2 as string)) FROM t
-- !query schema
struct<(CAST(2017-12-12 09:30:00 AS DATE) IN (CAST(2 AS STRING))):boolean>
-- !query output
false


-- !query
SELECT cast('2017-12-12 09:30:00' as date) in (cast('2' as binary)) FROM t
-- !query schema
struct<>
-- !query output
org.apache.spark.sql.AnalysisException
cannot resolve '(CAST('2017-12-12 09:30:00' AS DATE) IN (CAST('2' AS BINARY)))' due to data type mismatch: Arguments must be same type but were: date != binary; line 1 pos 43


-- !query
SELECT cast('2017-12-12 09:30:00' as date) in (cast(2 as boolean)) FROM t
-- !query schema
struct<>
-- !query output
org.apache.spark.sql.AnalysisException
cannot resolve '(CAST('2017-12-12 09:30:00' AS DATE) IN (CAST(2 AS BOOLEAN)))' due to data type mismatch: Arguments must be same type but were: date != boolean; line 1 pos 43


-- !query
SELECT cast('2017-12-12 09:30:00' as date) in (cast('2017-12-11 09:30:00.0' as timestamp)) FROM t
-- !query schema
struct<(CAST(2017-12-12 09:30:00 AS DATE) IN (CAST(2017-12-11 09:30:00.0 AS TIMESTAMP))):boolean>
-- !query output
false


-- !query
SELECT cast('2017-12-12 09:30:00' as date) in (cast('2017-12-11 09:30:00' as date)) FROM t
-- !query schema
struct<(CAST(2017-12-12 09:30:00 AS DATE) IN (CAST(2017-12-11 09:30:00 AS DATE))):boolean>
-- !query output
false


-- !query
SELECT cast(1 as tinyint) in (cast(1 as tinyint), cast(1 as tinyint)) FROM t
-- !query schema
struct<(CAST(1 AS TINYINT) IN (CAST(1 AS TINYINT), CAST(1 AS TINYINT))):boolean>
-- !query output
true


-- !query
SELECT cast(1 as tinyint) in (cast(1 as tinyint), cast(1 as smallint)) FROM t
-- !query schema
struct<(CAST(1 AS TINYINT) IN (CAST(1 AS TINYINT), CAST(1 AS SMALLINT))):boolean>
-- !query output
true


-- !query
SELECT cast(1 as tinyint) in (cast(1 as tinyint), cast(1 as int)) FROM t
-- !query schema
struct<(CAST(1 AS TINYINT) IN (CAST(1 AS TINYINT), CAST(1 AS INT))):boolean>
-- !query output
true


-- !query
SELECT cast(1 as tinyint) in (cast(1 as tinyint), cast(1 as bigint)) FROM t
-- !query schema
struct<(CAST(1 AS TINYINT) IN (CAST(1 AS TINYINT), CAST(1 AS BIGINT))):boolean>
-- !query output
true


-- !query
SELECT cast(1 as tinyint) in (cast(1 as tinyint), cast(1 as float)) FROM t
-- !query schema
struct<(CAST(1 AS TINYINT) IN (CAST(1 AS TINYINT), CAST(1 AS FLOAT))):boolean>
-- !query output
true


-- !query
SELECT cast(1 as tinyint) in (cast(1 as tinyint), cast(1 as double)) FROM t
-- !query schema
struct<(CAST(1 AS TINYINT) IN (CAST(1 AS TINYINT), CAST(1 AS DOUBLE))):boolean>
-- !query output
true


-- !query
SELECT cast(1 as tinyint) in (cast(1 as tinyint), cast(1 as decimal(10, 0))) FROM t
-- !query schema
struct<(CAST(1 AS TINYINT) IN (CAST(1 AS TINYINT), CAST(1 AS DECIMAL(10,0)))):boolean>
-- !query output
true


-- !query
SELECT cast(1 as tinyint) in (cast(1 as tinyint), cast(1 as string)) FROM t
-- !query schema
struct<(CAST(1 AS TINYINT) IN (CAST(1 AS TINYINT), CAST(1 AS STRING))):boolean>
-- !query output
true


-- !query
SELECT cast(1 as tinyint) in (cast(1 as tinyint), cast('1' as binary)) FROM t
-- !query schema
struct<>
-- !query output
org.apache.spark.sql.AnalysisException
cannot resolve '(CAST(1 AS TINYINT) IN (CAST(1 AS TINYINT), CAST('1' AS BINARY)))' due to data type mismatch: Arguments must be same type but were: tinyint != binary; line 1 pos 26


-- !query
SELECT cast(1 as tinyint) in (cast(1 as tinyint), cast(1 as boolean)) FROM t
-- !query schema
struct<>
-- !query output
org.apache.spark.sql.AnalysisException
cannot resolve '(CAST(1 AS TINYINT) IN (CAST(1 AS TINYINT), CAST(1 AS BOOLEAN)))' due to data type mismatch: Arguments must be same type but were: tinyint != boolean; line 1 pos 26


-- !query
SELECT cast(1 as tinyint) in (cast(1 as tinyint), cast('2017-12-11 09:30:00.0' as timestamp)) FROM t
-- !query schema
struct<>
-- !query output
org.apache.spark.sql.AnalysisException
cannot resolve '(CAST(1 AS TINYINT) IN (CAST(1 AS TINYINT), CAST('2017-12-11 09:30:00.0' AS TIMESTAMP)))' due to data type mismatch: Arguments must be same type but were: tinyint != timestamp; line 1 pos 26


-- !query
SELECT cast(1 as tinyint) in (cast(1 as tinyint), cast('2017-12-11 09:30:00' as date)) FROM t
-- !query schema
struct<>
-- !query output
org.apache.spark.sql.AnalysisException
cannot resolve '(CAST(1 AS TINYINT) IN (CAST(1 AS TINYINT), CAST('2017-12-11 09:30:00' AS DATE)))' due to data type mismatch: Arguments must be same type but were: tinyint != date; line 1 pos 26


-- !query
SELECT cast(1 as smallint) in (cast(1 as smallint), cast(1 as tinyint)) FROM t
-- !query schema
struct<(CAST(1 AS SMALLINT) IN (CAST(1 AS SMALLINT), CAST(1 AS TINYINT))):boolean>
-- !query output
true


-- !query
SELECT cast(1 as smallint) in (cast(1 as smallint), cast(1 as smallint)) FROM t
-- !query schema
struct<(CAST(1 AS SMALLINT) IN (CAST(1 AS SMALLINT), CAST(1 AS SMALLINT))):boolean>
-- !query output
true


-- !query
SELECT cast(1 as smallint) in (cast(1 as smallint), cast(1 as int)) FROM t
-- !query schema
struct<(CAST(1 AS SMALLINT) IN (CAST(1 AS SMALLINT), CAST(1 AS INT))):boolean>
-- !query output
true


-- !query
SELECT cast(1 as smallint) in (cast(1 as smallint), cast(1 as bigint)) FROM t
-- !query schema
struct<(CAST(1 AS SMALLINT) IN (CAST(1 AS SMALLINT), CAST(1 AS BIGINT))):boolean>
-- !query output
true


-- !query
SELECT cast(1 as smallint) in (cast(1 as smallint), cast(1 as float)) FROM t
-- !query schema
struct<(CAST(1 AS SMALLINT) IN (CAST(1 AS SMALLINT), CAST(1 AS FLOAT))):boolean>
-- !query output
true


-- !query
SELECT cast(1 as smallint) in (cast(1 as smallint), cast(1 as double)) FROM t
-- !query schema
struct<(CAST(1 AS SMALLINT) IN (CAST(1 AS SMALLINT), CAST(1 AS DOUBLE))):boolean>
-- !query output
true


-- !query
SELECT cast(1 as smallint) in (cast(1 as smallint), cast(1 as decimal(10, 0))) FROM t
-- !query schema
struct<(CAST(1 AS SMALLINT) IN (CAST(1 AS SMALLINT), CAST(1 AS DECIMAL(10,0)))):boolean>
-- !query output
true


-- !query
SELECT cast(1 as smallint) in (cast(1 as smallint), cast(1 as string)) FROM t
-- !query schema
struct<(CAST(1 AS SMALLINT) IN (CAST(1 AS SMALLINT), CAST(1 AS STRING))):boolean>
-- !query output
true


-- !query
SELECT cast(1 as smallint) in (cast(1 as smallint), cast('1' as binary)) FROM t
-- !query schema
struct<>
-- !query output
org.apache.spark.sql.AnalysisException
cannot resolve '(CAST(1 AS SMALLINT) IN (CAST(1 AS SMALLINT), CAST('1' AS BINARY)))' due to data type mismatch: Arguments must be same type but were: smallint != binary; line 1 pos 27


-- !query
SELECT cast(1 as smallint) in (cast(1 as smallint), cast(1 as boolean)) FROM t
-- !query schema
struct<>
-- !query output
org.apache.spark.sql.AnalysisException
cannot resolve '(CAST(1 AS SMALLINT) IN (CAST(1 AS SMALLINT), CAST(1 AS BOOLEAN)))' due to data type mismatch: Arguments must be same type but were: smallint != boolean; line 1 pos 27


-- !query
SELECT cast(1 as smallint) in (cast(1 as smallint), cast('2017-12-11 09:30:00.0' as timestamp)) FROM t
-- !query schema
struct<>
-- !query output
org.apache.spark.sql.AnalysisException
cannot resolve '(CAST(1 AS SMALLINT) IN (CAST(1 AS SMALLINT), CAST('2017-12-11 09:30:00.0' AS TIMESTAMP)))' due to data type mismatch: Arguments must be same type but were: smallint != timestamp; line 1 pos 27


-- !query
SELECT cast(1 as smallint) in (cast(1 as smallint), cast('2017-12-11 09:30:00' as date)) FROM t
-- !query schema
struct<>
-- !query output
org.apache.spark.sql.AnalysisException
cannot resolve '(CAST(1 AS SMALLINT) IN (CAST(1 AS SMALLINT), CAST('2017-12-11 09:30:00' AS DATE)))' due to data type mismatch: Arguments must be same type but were: smallint != date; line 1 pos 27


-- !query
SELECT cast(1 as int) in (cast(1 as int), cast(1 as tinyint)) FROM t
-- !query schema
struct<(CAST(1 AS INT) IN (CAST(1 AS INT), CAST(1 AS TINYINT))):boolean>
-- !query output
true


-- !query
SELECT cast(1 as int) in (cast(1 as int), cast(1 as smallint)) FROM t
-- !query schema
struct<(CAST(1 AS INT) IN (CAST(1 AS INT), CAST(1 AS SMALLINT))):boolean>
-- !query output
true


-- !query
SELECT cast(1 as int) in (cast(1 as int), cast(1 as int)) FROM t
-- !query schema
struct<(CAST(1 AS INT) IN (CAST(1 AS INT), CAST(1 AS INT))):boolean>
-- !query output
true


-- !query
SELECT cast(1 as int) in (cast(1 as int), cast(1 as bigint)) FROM t
-- !query schema
struct<(CAST(1 AS INT) IN (CAST(1 AS INT), CAST(1 AS BIGINT))):boolean>
-- !query output
true


-- !query
SELECT cast(1 as int) in (cast(1 as int), cast(1 as float)) FROM t
-- !query schema
struct<(CAST(1 AS INT) IN (CAST(1 AS INT), CAST(1 AS FLOAT))):boolean>
-- !query output
true


-- !query
SELECT cast(1 as int) in (cast(1 as int), cast(1 as double)) FROM t
-- !query schema
struct<(CAST(1 AS INT) IN (CAST(1 AS INT), CAST(1 AS DOUBLE))):boolean>
-- !query output
true


-- !query
SELECT cast(1 as int) in (cast(1 as int), cast(1 as decimal(10, 0))) FROM t
-- !query schema
struct<(CAST(1 AS INT) IN (CAST(1 AS INT), CAST(1 AS DECIMAL(10,0)))):boolean>
-- !query output
true


-- !query
SELECT cast(1 as int) in (cast(1 as int), cast(1 as string)) FROM t
-- !query schema
struct<(CAST(1 AS INT) IN (CAST(1 AS INT), CAST(1 AS STRING))):boolean>
-- !query output
true


-- !query
SELECT cast(1 as int) in (cast(1 as int), cast('1' as binary)) FROM t
-- !query schema
struct<>
-- !query output
org.apache.spark.sql.AnalysisException
cannot resolve '(CAST(1 AS INT) IN (CAST(1 AS INT), CAST('1' AS BINARY)))' due to data type mismatch: Arguments must be same type but were: int != binary; line 1 pos 22


-- !query
SELECT cast(1 as int) in (cast(1 as int), cast(1 as boolean)) FROM t
-- !query schema
struct<>
-- !query output
org.apache.spark.sql.AnalysisException
cannot resolve '(CAST(1 AS INT) IN (CAST(1 AS INT), CAST(1 AS BOOLEAN)))' due to data type mismatch: Arguments must be same type but were: int != boolean; line 1 pos 22


-- !query
SELECT cast(1 as int) in (cast(1 as int), cast('2017-12-11 09:30:00.0' as timestamp)) FROM t
-- !query schema
struct<>
-- !query output
org.apache.spark.sql.AnalysisException
cannot resolve '(CAST(1 AS INT) IN (CAST(1 AS INT), CAST('2017-12-11 09:30:00.0' AS TIMESTAMP)))' due to data type mismatch: Arguments must be same type but were: int != timestamp; line 1 pos 22


-- !query
SELECT cast(1 as int) in (cast(1 as int), cast('2017-12-11 09:30:00' as date)) FROM t
-- !query schema
struct<>
-- !query output
org.apache.spark.sql.AnalysisException
cannot resolve '(CAST(1 AS INT) IN (CAST(1 AS INT), CAST('2017-12-11 09:30:00' AS DATE)))' due to data type mismatch: Arguments must be same type but were: int != date; line 1 pos 22


-- !query
SELECT cast(1 as bigint) in (cast(1 as bigint), cast(1 as tinyint)) FROM t
-- !query schema
struct<(CAST(1 AS BIGINT) IN (CAST(1 AS BIGINT), CAST(1 AS TINYINT))):boolean>
-- !query output
true


-- !query
SELECT cast(1 as bigint) in (cast(1 as bigint), cast(1 as smallint)) FROM t
-- !query schema
struct<(CAST(1 AS BIGINT) IN (CAST(1 AS BIGINT), CAST(1 AS SMALLINT))):boolean>
-- !query output
true


-- !query
SELECT cast(1 as bigint) in (cast(1 as bigint), cast(1 as int)) FROM t
-- !query schema
struct<(CAST(1 AS BIGINT) IN (CAST(1 AS BIGINT), CAST(1 AS INT))):boolean>
-- !query output
true


-- !query
SELECT cast(1 as bigint) in (cast(1 as bigint), cast(1 as bigint)) FROM t
-- !query schema
struct<(CAST(1 AS BIGINT) IN (CAST(1 AS BIGINT), CAST(1 AS BIGINT))):boolean>
-- !query output
true


-- !query
SELECT cast(1 as bigint) in (cast(1 as bigint), cast(1 as float)) FROM t
-- !query schema
struct<(CAST(1 AS BIGINT) IN (CAST(1 AS BIGINT), CAST(1 AS FLOAT))):boolean>
-- !query output
true


-- !query
SELECT cast(1 as bigint) in (cast(1 as bigint), cast(1 as double)) FROM t
-- !query schema
struct<(CAST(1 AS BIGINT) IN (CAST(1 AS BIGINT), CAST(1 AS DOUBLE))):boolean>
-- !query output
true


-- !query
SELECT cast(1 as bigint) in (cast(1 as bigint), cast(1 as decimal(10, 0))) FROM t
-- !query schema
struct<(CAST(1 AS BIGINT) IN (CAST(1 AS BIGINT), CAST(1 AS DECIMAL(10,0)))):boolean>
-- !query output
true


-- !query
SELECT cast(1 as bigint) in (cast(1 as bigint), cast(1 as string)) FROM t
-- !query schema
struct<(CAST(1 AS BIGINT) IN (CAST(1 AS BIGINT), CAST(1 AS STRING))):boolean>
-- !query output
true


-- !query
SELECT cast(1 as bigint) in (cast(1 as bigint), cast('1' as binary)) FROM t
-- !query schema
struct<>
-- !query output
org.apache.spark.sql.AnalysisException
cannot resolve '(CAST(1 AS BIGINT) IN (CAST(1 AS BIGINT), CAST('1' AS BINARY)))' due to data type mismatch: Arguments must be same type but were: bigint != binary; line 1 pos 25


-- !query
SELECT cast(1 as bigint) in (cast(1 as bigint), cast(1 as boolean)) FROM t
-- !query schema
struct<>
-- !query output
org.apache.spark.sql.AnalysisException
cannot resolve '(CAST(1 AS BIGINT) IN (CAST(1 AS BIGINT), CAST(1 AS BOOLEAN)))' due to data type mismatch: Arguments must be same type but were: bigint != boolean; line 1 pos 25


-- !query
SELECT cast(1 as bigint) in (cast(1 as bigint), cast('2017-12-11 09:30:00.0' as timestamp)) FROM t
-- !query schema
struct<>
-- !query output
org.apache.spark.sql.AnalysisException
cannot resolve '(CAST(1 AS BIGINT) IN (CAST(1 AS BIGINT), CAST('2017-12-11 09:30:00.0' AS TIMESTAMP)))' due to data type mismatch: Arguments must be same type but were: bigint != timestamp; line 1 pos 25


-- !query
SELECT cast(1 as bigint) in (cast(1 as bigint), cast('2017-12-11 09:30:00' as date)) FROM t
-- !query schema
struct<>
-- !query output
org.apache.spark.sql.AnalysisException
cannot resolve '(CAST(1 AS BIGINT) IN (CAST(1 AS BIGINT), CAST('2017-12-11 09:30:00' AS DATE)))' due to data type mismatch: Arguments must be same type but were: bigint != date; line 1 pos 25


-- !query
SELECT cast(1 as float) in (cast(1 as float), cast(1 as tinyint)) FROM t
-- !query schema
struct<(CAST(1 AS FLOAT) IN (CAST(1 AS FLOAT), CAST(1 AS TINYINT))):boolean>
-- !query output
true


-- !query
SELECT cast(1 as float) in (cast(1 as float), cast(1 as smallint)) FROM t
-- !query schema
struct<(CAST(1 AS FLOAT) IN (CAST(1 AS FLOAT), CAST(1 AS SMALLINT))):boolean>
-- !query output
true


-- !query
SELECT cast(1 as float) in (cast(1 as float), cast(1 as int)) FROM t
-- !query schema
struct<(CAST(1 AS FLOAT) IN (CAST(1 AS FLOAT), CAST(1 AS INT))):boolean>
-- !query output
true


-- !query
SELECT cast(1 as float) in (cast(1 as float), cast(1 as bigint)) FROM t
-- !query schema
struct<(CAST(1 AS FLOAT) IN (CAST(1 AS FLOAT), CAST(1 AS BIGINT))):boolean>
-- !query output
true


-- !query
SELECT cast(1 as float) in (cast(1 as float), cast(1 as float)) FROM t
-- !query schema
struct<(CAST(1 AS FLOAT) IN (CAST(1 AS FLOAT), CAST(1 AS FLOAT))):boolean>
-- !query output
true


-- !query
SELECT cast(1 as float) in (cast(1 as float), cast(1 as double)) FROM t
-- !query schema
struct<(CAST(1 AS FLOAT) IN (CAST(1 AS FLOAT), CAST(1 AS DOUBLE))):boolean>
-- !query output
true


-- !query
SELECT cast(1 as float) in (cast(1 as float), cast(1 as decimal(10, 0))) FROM t
-- !query schema
struct<(CAST(1 AS FLOAT) IN (CAST(1 AS FLOAT), CAST(1 AS DECIMAL(10,0)))):boolean>
-- !query output
true


-- !query
SELECT cast(1 as float) in (cast(1 as float), cast(1 as string)) FROM t
-- !query schema
struct<(CAST(1 AS FLOAT) IN (CAST(1 AS FLOAT), CAST(1 AS STRING))):boolean>
-- !query output
true


-- !query
SELECT cast(1 as float) in (cast(1 as float), cast('1' as binary)) FROM t
-- !query schema
struct<>
-- !query output
org.apache.spark.sql.AnalysisException
cannot resolve '(CAST(1 AS FLOAT) IN (CAST(1 AS FLOAT), CAST('1' AS BINARY)))' due to data type mismatch: Arguments must be same type but were: float != binary; line 1 pos 24


-- !query
SELECT cast(1 as float) in (cast(1 as float), cast(1 as boolean)) FROM t
-- !query schema
struct<>
-- !query output
org.apache.spark.sql.AnalysisException
cannot resolve '(CAST(1 AS FLOAT) IN (CAST(1 AS FLOAT), CAST(1 AS BOOLEAN)))' due to data type mismatch: Arguments must be same type but were: float != boolean; line 1 pos 24


-- !query
SELECT cast(1 as float) in (cast(1 as float), cast('2017-12-11 09:30:00.0' as timestamp)) FROM t
-- !query schema
struct<>
-- !query output
org.apache.spark.sql.AnalysisException
cannot resolve '(CAST(1 AS FLOAT) IN (CAST(1 AS FLOAT), CAST('2017-12-11 09:30:00.0' AS TIMESTAMP)))' due to data type mismatch: Arguments must be same type but were: float != timestamp; line 1 pos 24


-- !query
SELECT cast(1 as float) in (cast(1 as float), cast('2017-12-11 09:30:00' as date)) FROM t
-- !query schema
struct<>
-- !query output
org.apache.spark.sql.AnalysisException
cannot resolve '(CAST(1 AS FLOAT) IN (CAST(1 AS FLOAT), CAST('2017-12-11 09:30:00' AS DATE)))' due to data type mismatch: Arguments must be same type but were: float != date; line 1 pos 24


-- !query
SELECT cast(1 as double) in (cast(1 as double), cast(1 as tinyint)) FROM t
-- !query schema
struct<(CAST(1 AS DOUBLE) IN (CAST(1 AS DOUBLE), CAST(1 AS TINYINT))):boolean>
-- !query output
true


-- !query
SELECT cast(1 as double) in (cast(1 as double), cast(1 as smallint)) FROM t
-- !query schema
struct<(CAST(1 AS DOUBLE) IN (CAST(1 AS DOUBLE), CAST(1 AS SMALLINT))):boolean>
-- !query output
true


-- !query
SELECT cast(1 as double) in (cast(1 as double), cast(1 as int)) FROM t
-- !query schema
struct<(CAST(1 AS DOUBLE) IN (CAST(1 AS DOUBLE), CAST(1 AS INT))):boolean>
-- !query output
true


-- !query
SELECT cast(1 as double) in (cast(1 as double), cast(1 as bigint)) FROM t
-- !query schema
struct<(CAST(1 AS DOUBLE) IN (CAST(1 AS DOUBLE), CAST(1 AS BIGINT))):boolean>
-- !query output
true


-- !query
SELECT cast(1 as double) in (cast(1 as double), cast(1 as float)) FROM t
-- !query schema
struct<(CAST(1 AS DOUBLE) IN (CAST(1 AS DOUBLE), CAST(1 AS FLOAT))):boolean>
-- !query output
true


-- !query
SELECT cast(1 as double) in (cast(1 as double), cast(1 as double)) FROM t
-- !query schema
struct<(CAST(1 AS DOUBLE) IN (CAST(1 AS DOUBLE), CAST(1 AS DOUBLE))):boolean>
-- !query output
true


-- !query
SELECT cast(1 as double) in (cast(1 as double), cast(1 as decimal(10, 0))) FROM t
-- !query schema
struct<(CAST(1 AS DOUBLE) IN (CAST(1 AS DOUBLE), CAST(1 AS DECIMAL(10,0)))):boolean>
-- !query output
true


-- !query
SELECT cast(1 as double) in (cast(1 as double), cast(1 as string)) FROM t
-- !query schema
struct<(CAST(1 AS DOUBLE) IN (CAST(1 AS DOUBLE), CAST(1 AS STRING))):boolean>
-- !query output
true


-- !query
SELECT cast(1 as double) in (cast(1 as double), cast('1' as binary)) FROM t
-- !query schema
struct<>
-- !query output
org.apache.spark.sql.AnalysisException
cannot resolve '(CAST(1 AS DOUBLE) IN (CAST(1 AS DOUBLE), CAST('1' AS BINARY)))' due to data type mismatch: Arguments must be same type but were: double != binary; line 1 pos 25


-- !query
SELECT cast(1 as double) in (cast(1 as double), cast(1 as boolean)) FROM t
-- !query schema
struct<>
-- !query output
org.apache.spark.sql.AnalysisException
cannot resolve '(CAST(1 AS DOUBLE) IN (CAST(1 AS DOUBLE), CAST(1 AS BOOLEAN)))' due to data type mismatch: Arguments must be same type but were: double != boolean; line 1 pos 25


-- !query
SELECT cast(1 as double) in (cast(1 as double), cast('2017-12-11 09:30:00.0' as timestamp)) FROM t
-- !query schema
struct<>
-- !query output
org.apache.spark.sql.AnalysisException
cannot resolve '(CAST(1 AS DOUBLE) IN (CAST(1 AS DOUBLE), CAST('2017-12-11 09:30:00.0' AS TIMESTAMP)))' due to data type mismatch: Arguments must be same type but were: double != timestamp; line 1 pos 25


-- !query
SELECT cast(1 as double) in (cast(1 as double), cast('2017-12-11 09:30:00' as date)) FROM t
-- !query schema
struct<>
-- !query output
org.apache.spark.sql.AnalysisException
cannot resolve '(CAST(1 AS DOUBLE) IN (CAST(1 AS DOUBLE), CAST('2017-12-11 09:30:00' AS DATE)))' due to data type mismatch: Arguments must be same type but were: double != date; line 1 pos 25


-- !query
SELECT cast(1 as decimal(10, 0)) in (cast(1 as decimal(10, 0)), cast(1 as tinyint)) FROM t
-- !query schema
struct<(CAST(1 AS DECIMAL(10,0)) IN (CAST(1 AS DECIMAL(10,0)), CAST(1 AS TINYINT))):boolean>
-- !query output
true


-- !query
SELECT cast(1 as decimal(10, 0)) in (cast(1 as decimal(10, 0)), cast(1 as smallint)) FROM t
-- !query schema
struct<(CAST(1 AS DECIMAL(10,0)) IN (CAST(1 AS DECIMAL(10,0)), CAST(1 AS SMALLINT))):boolean>
-- !query output
true


-- !query
SELECT cast(1 as decimal(10, 0)) in (cast(1 as decimal(10, 0)), cast(1 as int)) FROM t
-- !query schema
struct<(CAST(1 AS DECIMAL(10,0)) IN (CAST(1 AS DECIMAL(10,0)), CAST(1 AS INT))):boolean>
-- !query output
true


-- !query
SELECT cast(1 as decimal(10, 0)) in (cast(1 as decimal(10, 0)), cast(1 as bigint)) FROM t
-- !query schema
struct<(CAST(1 AS DECIMAL(10,0)) IN (CAST(1 AS DECIMAL(10,0)), CAST(1 AS BIGINT))):boolean>
-- !query output
true


-- !query
SELECT cast(1 as decimal(10, 0)) in (cast(1 as decimal(10, 0)), cast(1 as float)) FROM t
-- !query schema
struct<(CAST(1 AS DECIMAL(10,0)) IN (CAST(1 AS DECIMAL(10,0)), CAST(1 AS FLOAT))):boolean>
-- !query output
true


-- !query
SELECT cast(1 as decimal(10, 0)) in (cast(1 as decimal(10, 0)), cast(1 as double)) FROM t
-- !query schema
struct<(CAST(1 AS DECIMAL(10,0)) IN (CAST(1 AS DECIMAL(10,0)), CAST(1 AS DOUBLE))):boolean>
-- !query output
true


-- !query
SELECT cast(1 as decimal(10, 0)) in (cast(1 as decimal(10, 0)), cast(1 as decimal(10, 0))) FROM t
-- !query schema
struct<(CAST(1 AS DECIMAL(10,0)) IN (CAST(1 AS DECIMAL(10,0)), CAST(1 AS DECIMAL(10,0)))):boolean>
-- !query output
true


-- !query
SELECT cast(1 as decimal(10, 0)) in (cast(1 as decimal(10, 0)), cast(1 as string)) FROM t
-- !query schema
struct<(CAST(1 AS DECIMAL(10,0)) IN (CAST(1 AS DECIMAL(10,0)), CAST(1 AS STRING))):boolean>
-- !query output
true


-- !query
SELECT cast(1 as decimal(10, 0)) in (cast(1 as decimal(10, 0)), cast('1' as binary)) FROM t
-- !query schema
struct<>
-- !query output
org.apache.spark.sql.AnalysisException
cannot resolve '(CAST(1 AS DECIMAL(10,0)) IN (CAST(1 AS DECIMAL(10,0)), CAST('1' AS BINARY)))' due to data type mismatch: Arguments must be same type but were: decimal(10,0) != binary; line 1 pos 33


-- !query
SELECT cast(1 as decimal(10, 0)) in (cast(1 as decimal(10, 0)), cast(1 as boolean)) FROM t
-- !query schema
struct<>
-- !query output
org.apache.spark.sql.AnalysisException
cannot resolve '(CAST(1 AS DECIMAL(10,0)) IN (CAST(1 AS DECIMAL(10,0)), CAST(1 AS BOOLEAN)))' due to data type mismatch: Arguments must be same type but were: decimal(10,0) != boolean; line 1 pos 33


-- !query
SELECT cast(1 as decimal(10, 0)) in (cast(1 as decimal(10, 0)), cast('2017-12-11 09:30:00.0' as timestamp)) FROM t
-- !query schema
struct<>
-- !query output
org.apache.spark.sql.AnalysisException
cannot resolve '(CAST(1 AS DECIMAL(10,0)) IN (CAST(1 AS DECIMAL(10,0)), CAST('2017-12-11 09:30:00.0' AS TIMESTAMP)))' due to data type mismatch: Arguments must be same type but were: decimal(10,0) != timestamp; line 1 pos 33


-- !query
SELECT cast(1 as decimal(10, 0)) in (cast(1 as decimal(10, 0)), cast('2017-12-11 09:30:00' as date)) FROM t
-- !query schema
struct<>
-- !query output
org.apache.spark.sql.AnalysisException
cannot resolve '(CAST(1 AS DECIMAL(10,0)) IN (CAST(1 AS DECIMAL(10,0)), CAST('2017-12-11 09:30:00' AS DATE)))' due to data type mismatch: Arguments must be same type but were: decimal(10,0) != date; line 1 pos 33


-- !query
SELECT cast(1 as string) in (cast(1 as string), cast(1 as tinyint)) FROM t
-- !query schema
struct<(CAST(1 AS STRING) IN (CAST(1 AS STRING), CAST(1 AS TINYINT))):boolean>
-- !query output
true


-- !query
SELECT cast(1 as string) in (cast(1 as string), cast(1 as smallint)) FROM t
-- !query schema
struct<(CAST(1 AS STRING) IN (CAST(1 AS STRING), CAST(1 AS SMALLINT))):boolean>
-- !query output
true


-- !query
SELECT cast(1 as string) in (cast(1 as string), cast(1 as int)) FROM t
-- !query schema
struct<(CAST(1 AS STRING) IN (CAST(1 AS STRING), CAST(1 AS INT))):boolean>
-- !query output
true


-- !query
SELECT cast(1 as string) in (cast(1 as string), cast(1 as bigint)) FROM t
-- !query schema
struct<(CAST(1 AS STRING) IN (CAST(1 AS STRING), CAST(1 AS BIGINT))):boolean>
-- !query output
true


-- !query
SELECT cast(1 as string) in (cast(1 as string), cast(1 as float)) FROM t
-- !query schema
struct<(CAST(1 AS STRING) IN (CAST(1 AS STRING), CAST(1 AS FLOAT))):boolean>
-- !query output
true


-- !query
SELECT cast(1 as string) in (cast(1 as string), cast(1 as double)) FROM t
-- !query schema
struct<(CAST(1 AS STRING) IN (CAST(1 AS STRING), CAST(1 AS DOUBLE))):boolean>
-- !query output
true


-- !query
SELECT cast(1 as string) in (cast(1 as string), cast(1 as decimal(10, 0))) FROM t
-- !query schema
struct<(CAST(1 AS STRING) IN (CAST(1 AS STRING), CAST(1 AS DECIMAL(10,0)))):boolean>
-- !query output
true


-- !query
SELECT cast(1 as string) in (cast(1 as string), cast(1 as string)) FROM t
-- !query schema
struct<(CAST(1 AS STRING) IN (CAST(1 AS STRING), CAST(1 AS STRING))):boolean>
-- !query output
true


-- !query
SELECT cast(1 as string) in (cast(1 as string), cast('1' as binary)) FROM t
-- !query schema
struct<>
-- !query output
org.apache.spark.sql.AnalysisException
cannot resolve '(CAST(1 AS STRING) IN (CAST(1 AS STRING), CAST('1' AS BINARY)))' due to data type mismatch: Arguments must be same type but were: string != binary; line 1 pos 25


-- !query
SELECT cast(1 as string) in (cast(1 as string), cast(1 as boolean)) FROM t
-- !query schema
struct<>
-- !query output
org.apache.spark.sql.AnalysisException
cannot resolve '(CAST(1 AS STRING) IN (CAST(1 AS STRING), CAST(1 AS BOOLEAN)))' due to data type mismatch: Arguments must be same type but were: string != boolean; line 1 pos 25


-- !query
SELECT cast(1 as string) in (cast(1 as string), cast('2017-12-11 09:30:00.0' as timestamp)) FROM t
-- !query schema
struct<(CAST(1 AS STRING) IN (CAST(1 AS STRING), CAST(2017-12-11 09:30:00.0 AS TIMESTAMP))):boolean>
-- !query output
true


-- !query
SELECT cast(1 as string) in (cast(1 as string), cast('2017-12-11 09:30:00' as date)) FROM t
-- !query schema
struct<(CAST(1 AS STRING) IN (CAST(1 AS STRING), CAST(2017-12-11 09:30:00 AS DATE))):boolean>
-- !query output
true


-- !query
SELECT cast('1' as binary) in (cast('1' as binary), cast(1 as tinyint)) FROM t
-- !query schema
struct<>
-- !query output
org.apache.spark.sql.AnalysisException
cannot resolve '(CAST('1' AS BINARY) IN (CAST('1' AS BINARY), CAST(1 AS TINYINT)))' due to data type mismatch: Arguments must be same type but were: binary != tinyint; line 1 pos 27


-- !query
SELECT cast('1' as binary) in (cast('1' as binary), cast(1 as smallint)) FROM t
-- !query schema
struct<>
-- !query output
org.apache.spark.sql.AnalysisException
cannot resolve '(CAST('1' AS BINARY) IN (CAST('1' AS BINARY), CAST(1 AS SMALLINT)))' due to data type mismatch: Arguments must be same type but were: binary != smallint; line 1 pos 27


-- !query
SELECT cast('1' as binary) in (cast('1' as binary), cast(1 as int)) FROM t
-- !query schema
struct<>
-- !query output
org.apache.spark.sql.AnalysisException
cannot resolve '(CAST('1' AS BINARY) IN (CAST('1' AS BINARY), CAST(1 AS INT)))' due to data type mismatch: Arguments must be same type but were: binary != int; line 1 pos 27


-- !query
SELECT cast('1' as binary) in (cast('1' as binary), cast(1 as bigint)) FROM t
-- !query schema
struct<>
-- !query output
org.apache.spark.sql.AnalysisException
cannot resolve '(CAST('1' AS BINARY) IN (CAST('1' AS BINARY), CAST(1 AS BIGINT)))' due to data type mismatch: Arguments must be same type but were: binary != bigint; line 1 pos 27


-- !query
SELECT cast('1' as binary) in (cast('1' as binary), cast(1 as float)) FROM t
-- !query schema
struct<>
-- !query output
org.apache.spark.sql.AnalysisException
cannot resolve '(CAST('1' AS BINARY) IN (CAST('1' AS BINARY), CAST(1 AS FLOAT)))' due to data type mismatch: Arguments must be same type but were: binary != float; line 1 pos 27


-- !query
SELECT cast('1' as binary) in (cast('1' as binary), cast(1 as double)) FROM t
-- !query schema
struct<>
-- !query output
org.apache.spark.sql.AnalysisException
cannot resolve '(CAST('1' AS BINARY) IN (CAST('1' AS BINARY), CAST(1 AS DOUBLE)))' due to data type mismatch: Arguments must be same type but were: binary != double; line 1 pos 27


-- !query
SELECT cast('1' as binary) in (cast('1' as binary), cast(1 as decimal(10, 0))) FROM t
-- !query schema
struct<>
-- !query output
org.apache.spark.sql.AnalysisException
cannot resolve '(CAST('1' AS BINARY) IN (CAST('1' AS BINARY), CAST(1 AS DECIMAL(10,0))))' due to data type mismatch: Arguments must be same type but were: binary != decimal(10,0); line 1 pos 27


-- !query
SELECT cast('1' as binary) in (cast('1' as binary), cast(1 as string)) FROM t
-- !query schema
struct<>
-- !query output
org.apache.spark.sql.AnalysisException
cannot resolve '(CAST('1' AS BINARY) IN (CAST('1' AS BINARY), CAST(1 AS STRING)))' due to data type mismatch: Arguments must be same type but were: binary != string; line 1 pos 27


-- !query
SELECT cast('1' as binary) in (cast('1' as binary), cast('1' as binary)) FROM t
-- !query schema
struct<(CAST(1 AS BINARY) IN (CAST(1 AS BINARY), CAST(1 AS BINARY))):boolean>
-- !query output
true


-- !query
SELECT cast('1' as binary) in (cast('1' as binary), cast(1 as boolean)) FROM t
-- !query schema
struct<>
-- !query output
org.apache.spark.sql.AnalysisException
cannot resolve '(CAST('1' AS BINARY) IN (CAST('1' AS BINARY), CAST(1 AS BOOLEAN)))' due to data type mismatch: Arguments must be same type but were: binary != boolean; line 1 pos 27


-- !query
SELECT cast('1' as binary) in (cast('1' as binary), cast('2017-12-11 09:30:00.0' as timestamp)) FROM t
-- !query schema
struct<>
-- !query output
org.apache.spark.sql.AnalysisException
cannot resolve '(CAST('1' AS BINARY) IN (CAST('1' AS BINARY), CAST('2017-12-11 09:30:00.0' AS TIMESTAMP)))' due to data type mismatch: Arguments must be same type but were: binary != timestamp; line 1 pos 27


-- !query
SELECT cast('1' as binary) in (cast('1' as binary), cast('2017-12-11 09:30:00' as date)) FROM t
-- !query schema
struct<>
-- !query output
org.apache.spark.sql.AnalysisException
cannot resolve '(CAST('1' AS BINARY) IN (CAST('1' AS BINARY), CAST('2017-12-11 09:30:00' AS DATE)))' due to data type mismatch: Arguments must be same type but were: binary != date; line 1 pos 27


-- !query
SELECT cast('1' as boolean) in (cast('1' as boolean), cast(1 as tinyint)) FROM t
-- !query schema
struct<>
-- !query output
org.apache.spark.sql.AnalysisException
cannot resolve '(CAST('1' AS BOOLEAN) IN (CAST('1' AS BOOLEAN), CAST(1 AS TINYINT)))' due to data type mismatch: Arguments must be same type but were: boolean != tinyint; line 1 pos 28


-- !query
SELECT cast('1' as boolean) in (cast('1' as boolean), cast(1 as smallint)) FROM t
-- !query schema
struct<>
-- !query output
org.apache.spark.sql.AnalysisException
cannot resolve '(CAST('1' AS BOOLEAN) IN (CAST('1' AS BOOLEAN), CAST(1 AS SMALLINT)))' due to data type mismatch: Arguments must be same type but were: boolean != smallint; line 1 pos 28


-- !query
SELECT cast('1' as boolean) in (cast('1' as boolean), cast(1 as int)) FROM t
-- !query schema
struct<>
-- !query output
org.apache.spark.sql.AnalysisException
cannot resolve '(CAST('1' AS BOOLEAN) IN (CAST('1' AS BOOLEAN), CAST(1 AS INT)))' due to data type mismatch: Arguments must be same type but were: boolean != int; line 1 pos 28


-- !query
SELECT cast('1' as boolean) in (cast('1' as boolean), cast(1 as bigint)) FROM t
-- !query schema
struct<>
-- !query output
org.apache.spark.sql.AnalysisException
cannot resolve '(CAST('1' AS BOOLEAN) IN (CAST('1' AS BOOLEAN), CAST(1 AS BIGINT)))' due to data type mismatch: Arguments must be same type but were: boolean != bigint; line 1 pos 28


-- !query
SELECT cast('1' as boolean) in (cast('1' as boolean), cast(1 as float)) FROM t
-- !query schema
struct<>
-- !query output
org.apache.spark.sql.AnalysisException
cannot resolve '(CAST('1' AS BOOLEAN) IN (CAST('1' AS BOOLEAN), CAST(1 AS FLOAT)))' due to data type mismatch: Arguments must be same type but were: boolean != float; line 1 pos 28


-- !query
SELECT cast('1' as boolean) in (cast('1' as boolean), cast(1 as double)) FROM t
-- !query schema
struct<>
-- !query output
org.apache.spark.sql.AnalysisException
cannot resolve '(CAST('1' AS BOOLEAN) IN (CAST('1' AS BOOLEAN), CAST(1 AS DOUBLE)))' due to data type mismatch: Arguments must be same type but were: boolean != double; line 1 pos 28


-- !query
SELECT cast('1' as boolean) in (cast('1' as boolean), cast(1 as decimal(10, 0))) FROM t
-- !query schema
struct<>
-- !query output
org.apache.spark.sql.AnalysisException
cannot resolve '(CAST('1' AS BOOLEAN) IN (CAST('1' AS BOOLEAN), CAST(1 AS DECIMAL(10,0))))' due to data type mismatch: Arguments must be same type but were: boolean != decimal(10,0); line 1 pos 28


-- !query
SELECT cast('1' as boolean) in (cast('1' as boolean), cast(1 as string)) FROM t
-- !query schema
struct<>
-- !query output
org.apache.spark.sql.AnalysisException
cannot resolve '(CAST('1' AS BOOLEAN) IN (CAST('1' AS BOOLEAN), CAST(1 AS STRING)))' due to data type mismatch: Arguments must be same type but were: boolean != string; line 1 pos 28


-- !query
SELECT cast('1' as boolean) in (cast('1' as boolean), cast('1' as binary)) FROM t
-- !query schema
struct<>
-- !query output
org.apache.spark.sql.AnalysisException
cannot resolve '(CAST('1' AS BOOLEAN) IN (CAST('1' AS BOOLEAN), CAST('1' AS BINARY)))' due to data type mismatch: Arguments must be same type but were: boolean != binary; line 1 pos 28


-- !query
SELECT cast('1' as boolean) in (cast('1' as boolean), cast(1 as boolean)) FROM t
-- !query schema
struct<(CAST(1 AS BOOLEAN) IN (CAST(1 AS BOOLEAN), CAST(1 AS BOOLEAN))):boolean>
-- !query output
true


-- !query
SELECT cast('1' as boolean) in (cast('1' as boolean), cast('2017-12-11 09:30:00.0' as timestamp)) FROM t
-- !query schema
struct<>
-- !query output
org.apache.spark.sql.AnalysisException
cannot resolve '(CAST('1' AS BOOLEAN) IN (CAST('1' AS BOOLEAN), CAST('2017-12-11 09:30:00.0' AS TIMESTAMP)))' due to data type mismatch: Arguments must be same type but were: boolean != timestamp; line 1 pos 28


-- !query
SELECT cast('1' as boolean) in (cast('1' as boolean), cast('2017-12-11 09:30:00' as date)) FROM t
-- !query schema
struct<>
-- !query output
org.apache.spark.sql.AnalysisException
cannot resolve '(CAST('1' AS BOOLEAN) IN (CAST('1' AS BOOLEAN), CAST('2017-12-11 09:30:00' AS DATE)))' due to data type mismatch: Arguments must be same type but were: boolean != date; line 1 pos 28


-- !query
SELECT cast('2017-12-12 09:30:00.0' as timestamp) in (cast('2017-12-12 09:30:00.0' as timestamp), cast(1 as tinyint)) FROM t
-- !query schema
struct<>
-- !query output
org.apache.spark.sql.AnalysisException
cannot resolve '(CAST('2017-12-12 09:30:00.0' AS TIMESTAMP) IN (CAST('2017-12-12 09:30:00.0' AS TIMESTAMP), CAST(1 AS TINYINT)))' due to data type mismatch: Arguments must be same type but were: timestamp != tinyint; line 1 pos 50


-- !query
SELECT cast('2017-12-12 09:30:00.0' as timestamp) in (cast('2017-12-12 09:30:00.0' as timestamp), cast(1 as smallint)) FROM t
-- !query schema
struct<>
-- !query output
org.apache.spark.sql.AnalysisException
cannot resolve '(CAST('2017-12-12 09:30:00.0' AS TIMESTAMP) IN (CAST('2017-12-12 09:30:00.0' AS TIMESTAMP), CAST(1 AS SMALLINT)))' due to data type mismatch: Arguments must be same type but were: timestamp != smallint; line 1 pos 50


-- !query
SELECT cast('2017-12-12 09:30:00.0' as timestamp) in (cast('2017-12-12 09:30:00.0' as timestamp), cast(1 as int)) FROM t
-- !query schema
struct<>
-- !query output
org.apache.spark.sql.AnalysisException
cannot resolve '(CAST('2017-12-12 09:30:00.0' AS TIMESTAMP) IN (CAST('2017-12-12 09:30:00.0' AS TIMESTAMP), CAST(1 AS INT)))' due to data type mismatch: Arguments must be same type but were: timestamp != int; line 1 pos 50


-- !query
SELECT cast('2017-12-12 09:30:00.0' as timestamp) in (cast('2017-12-12 09:30:00.0' as timestamp), cast(1 as bigint)) FROM t
-- !query schema
struct<>
-- !query output
org.apache.spark.sql.AnalysisException
cannot resolve '(CAST('2017-12-12 09:30:00.0' AS TIMESTAMP) IN (CAST('2017-12-12 09:30:00.0' AS TIMESTAMP), CAST(1 AS BIGINT)))' due to data type mismatch: Arguments must be same type but were: timestamp != bigint; line 1 pos 50


-- !query
SELECT cast('2017-12-12 09:30:00.0' as timestamp) in (cast('2017-12-12 09:30:00.0' as timestamp), cast(1 as float)) FROM t
-- !query schema
struct<>
-- !query output
org.apache.spark.sql.AnalysisException
cannot resolve '(CAST('2017-12-12 09:30:00.0' AS TIMESTAMP) IN (CAST('2017-12-12 09:30:00.0' AS TIMESTAMP), CAST(1 AS FLOAT)))' due to data type mismatch: Arguments must be same type but were: timestamp != float; line 1 pos 50


-- !query
SELECT cast('2017-12-12 09:30:00.0' as timestamp) in (cast('2017-12-12 09:30:00.0' as timestamp), cast(1 as double)) FROM t
-- !query schema
struct<>
-- !query output
org.apache.spark.sql.AnalysisException
cannot resolve '(CAST('2017-12-12 09:30:00.0' AS TIMESTAMP) IN (CAST('2017-12-12 09:30:00.0' AS TIMESTAMP), CAST(1 AS DOUBLE)))' due to data type mismatch: Arguments must be same type but were: timestamp != double; line 1 pos 50


-- !query
SELECT cast('2017-12-12 09:30:00.0' as timestamp) in (cast('2017-12-12 09:30:00.0' as timestamp), cast(1 as decimal(10, 0))) FROM t
-- !query schema
struct<>
-- !query output
org.apache.spark.sql.AnalysisException
cannot resolve '(CAST('2017-12-12 09:30:00.0' AS TIMESTAMP) IN (CAST('2017-12-12 09:30:00.0' AS TIMESTAMP), CAST(1 AS DECIMAL(10,0))))' due to data type mismatch: Arguments must be same type but were: timestamp != decimal(10,0); line 1 pos 50


-- !query
SELECT cast('2017-12-12 09:30:00.0' as timestamp) in (cast('2017-12-12 09:30:00.0' as timestamp), cast(1 as string)) FROM t
-- !query schema
struct<(CAST(2017-12-12 09:30:00.0 AS TIMESTAMP) IN (CAST(2017-12-12 09:30:00.0 AS TIMESTAMP), CAST(1 AS STRING))):boolean>
-- !query output
true


-- !query
SELECT cast('2017-12-12 09:30:00.0' as timestamp) in (cast('2017-12-12 09:30:00.0' as timestamp), cast('1' as binary)) FROM t
-- !query schema
struct<>
-- !query output
org.apache.spark.sql.AnalysisException
cannot resolve '(CAST('2017-12-12 09:30:00.0' AS TIMESTAMP) IN (CAST('2017-12-12 09:30:00.0' AS TIMESTAMP), CAST('1' AS BINARY)))' due to data type mismatch: Arguments must be same type but were: timestamp != binary; line 1 pos 50


-- !query
SELECT cast('2017-12-12 09:30:00.0' as timestamp) in (cast('2017-12-12 09:30:00.0' as timestamp), cast(1 as boolean)) FROM t
-- !query schema
struct<>
-- !query output
org.apache.spark.sql.AnalysisException
cannot resolve '(CAST('2017-12-12 09:30:00.0' AS TIMESTAMP) IN (CAST('2017-12-12 09:30:00.0' AS TIMESTAMP), CAST(1 AS BOOLEAN)))' due to data type mismatch: Arguments must be same type but were: timestamp != boolean; line 1 pos 50


-- !query
SELECT cast('2017-12-12 09:30:00.0' as timestamp) in (cast('2017-12-12 09:30:00.0' as timestamp), cast('2017-12-11 09:30:00.0' as timestamp)) FROM t
-- !query schema
struct<(CAST(2017-12-12 09:30:00.0 AS TIMESTAMP) IN (CAST(2017-12-12 09:30:00.0 AS TIMESTAMP), CAST(2017-12-11 09:30:00.0 AS TIMESTAMP))):boolean>
-- !query output
true


-- !query
SELECT cast('2017-12-12 09:30:00.0' as timestamp) in (cast('2017-12-12 09:30:00.0' as timestamp), cast('2017-12-11 09:30:00' as date)) FROM t
-- !query schema
struct<(CAST(2017-12-12 09:30:00.0 AS TIMESTAMP) IN (CAST(2017-12-12 09:30:00.0 AS TIMESTAMP), CAST(2017-12-11 09:30:00 AS DATE))):boolean>
-- !query output
true


-- !query
SELECT cast('2017-12-12 09:30:00' as date) in (cast('2017-12-12 09:30:00' as date), cast(1 as tinyint)) FROM t
-- !query schema
struct<>
-- !query output
org.apache.spark.sql.AnalysisException
cannot resolve '(CAST('2017-12-12 09:30:00' AS DATE) IN (CAST('2017-12-12 09:30:00' AS DATE), CAST(1 AS TINYINT)))' due to data type mismatch: Arguments must be same type but were: date != tinyint; line 1 pos 43


-- !query
SELECT cast('2017-12-12 09:30:00' as date) in (cast('2017-12-12 09:30:00' as date), cast(1 as smallint)) FROM t
-- !query schema
struct<>
-- !query output
org.apache.spark.sql.AnalysisException
cannot resolve '(CAST('2017-12-12 09:30:00' AS DATE) IN (CAST('2017-12-12 09:30:00' AS DATE), CAST(1 AS SMALLINT)))' due to data type mismatch: Arguments must be same type but were: date != smallint; line 1 pos 43


-- !query
SELECT cast('2017-12-12 09:30:00' as date) in (cast('2017-12-12 09:30:00' as date), cast(1 as int)) FROM t
-- !query schema
struct<>
-- !query output
org.apache.spark.sql.AnalysisException
cannot resolve '(CAST('2017-12-12 09:30:00' AS DATE) IN (CAST('2017-12-12 09:30:00' AS DATE), CAST(1 AS INT)))' due to data type mismatch: Arguments must be same type but were: date != int; line 1 pos 43


-- !query
SELECT cast('2017-12-12 09:30:00' as date) in (cast('2017-12-12 09:30:00' as date), cast(1 as bigint)) FROM t
-- !query schema
struct<>
-- !query output
org.apache.spark.sql.AnalysisException
cannot resolve '(CAST('2017-12-12 09:30:00' AS DATE) IN (CAST('2017-12-12 09:30:00' AS DATE), CAST(1 AS BIGINT)))' due to data type mismatch: Arguments must be same type but were: date != bigint; line 1 pos 43


-- !query
SELECT cast('2017-12-12 09:30:00' as date) in (cast('2017-12-12 09:30:00' as date), cast(1 as float)) FROM t
-- !query schema
struct<>
-- !query output
org.apache.spark.sql.AnalysisException
cannot resolve '(CAST('2017-12-12 09:30:00' AS DATE) IN (CAST('2017-12-12 09:30:00' AS DATE), CAST(1 AS FLOAT)))' due to data type mismatch: Arguments must be same type but were: date != float; line 1 pos 43


-- !query
SELECT cast('2017-12-12 09:30:00' as date) in (cast('2017-12-12 09:30:00' as date), cast(1 as double)) FROM t
-- !query schema
struct<>
-- !query output
org.apache.spark.sql.AnalysisException
cannot resolve '(CAST('2017-12-12 09:30:00' AS DATE) IN (CAST('2017-12-12 09:30:00' AS DATE), CAST(1 AS DOUBLE)))' due to data type mismatch: Arguments must be same type but were: date != double; line 1 pos 43


-- !query
SELECT cast('2017-12-12 09:30:00' as date) in (cast('2017-12-12 09:30:00' as date), cast(1 as decimal(10, 0))) FROM t
-- !query schema
struct<>
-- !query output
org.apache.spark.sql.AnalysisException
cannot resolve '(CAST('2017-12-12 09:30:00' AS DATE) IN (CAST('2017-12-12 09:30:00' AS DATE), CAST(1 AS DECIMAL(10,0))))' due to data type mismatch: Arguments must be same type but were: date != decimal(10,0); line 1 pos 43


-- !query
SELECT cast('2017-12-12 09:30:00' as date) in (cast('2017-12-12 09:30:00' as date), cast(1 as string)) FROM t
-- !query schema
struct<(CAST(2017-12-12 09:30:00 AS DATE) IN (CAST(2017-12-12 09:30:00 AS DATE), CAST(1 AS STRING))):boolean>
-- !query output
true


-- !query
SELECT cast('2017-12-12 09:30:00' as date) in (cast('2017-12-12 09:30:00' as date), cast('1' as binary)) FROM t
-- !query schema
struct<>
-- !query output
org.apache.spark.sql.AnalysisException
cannot resolve '(CAST('2017-12-12 09:30:00' AS DATE) IN (CAST('2017-12-12 09:30:00' AS DATE), CAST('1' AS BINARY)))' due to data type mismatch: Arguments must be same type but were: date != binary; line 1 pos 43


-- !query
SELECT cast('2017-12-12 09:30:00' as date) in (cast('2017-12-12 09:30:00' as date), cast(1 as boolean)) FROM t
-- !query schema
struct<>
-- !query output
org.apache.spark.sql.AnalysisException
cannot resolve '(CAST('2017-12-12 09:30:00' AS DATE) IN (CAST('2017-12-12 09:30:00' AS DATE), CAST(1 AS BOOLEAN)))' due to data type mismatch: Arguments must be same type but were: date != boolean; line 1 pos 43


-- !query
SELECT cast('2017-12-12 09:30:00' as date) in (cast('2017-12-12 09:30:00' as date), cast('2017-12-11 09:30:00.0' as timestamp)) FROM t
-- !query schema
struct<(CAST(2017-12-12 09:30:00 AS DATE) IN (CAST(2017-12-12 09:30:00 AS DATE), CAST(2017-12-11 09:30:00.0 AS TIMESTAMP))):boolean>
-- !query output
true


-- !query
SELECT cast('2017-12-12 09:30:00' as date) in (cast('2017-12-12 09:30:00' as date), cast('2017-12-11 09:30:00' as date)) FROM t
-- !query schema
struct<(CAST(2017-12-12 09:30:00 AS DATE) IN (CAST(2017-12-12 09:30:00 AS DATE), CAST(2017-12-11 09:30:00 AS DATE))):boolean>
-- !query output
true
