-- Automatically generated by SQLQueryTestSuite
-- Number of queries: 77


-- !query
select timestamp '2019-01-01\t'
-- !query schema
struct<TIMESTAMP_NTZ '2019-01-01 00:00:00':timestamp_ntz>
-- !query output
2019-01-01 00:00:00


-- !query
select timestamp '2019-01-01中文'
-- !query schema
struct<>
-- !query output
org.apache.spark.sql.catalyst.parser.ParseException

Cannot parse the TIMESTAMP value: 2019-01-01中文(line 1, pos 7)

== SQL ==
select timestamp '2019-01-01中文'
-------^^^


-- !query
select timestamp'4294967297'
-- !query schema
struct<>
-- !query output
org.apache.spark.sql.catalyst.parser.ParseException

Cannot parse the TIMESTAMP value: 4294967297(line 1, pos 7)

== SQL ==
select timestamp'4294967297'
-------^^^


-- !query
select timestamp'2021-01-01T12:30:4294967297.123456'
-- !query schema
struct<>
-- !query output
org.apache.spark.sql.catalyst.parser.ParseException

Cannot parse the TIMESTAMP value: 2021-01-01T12:30:4294967297.123456(line 1, pos 7)

== SQL ==
select timestamp'2021-01-01T12:30:4294967297.123456'
-------^^^


-- !query
select current_timestamp = current_timestamp
-- !query schema
struct<(current_timestamp() = current_timestamp()):boolean>
-- !query output
true


-- !query
select current_timestamp() = current_timestamp()
-- !query schema
struct<>
-- !query output
org.apache.spark.sql.catalyst.parser.ParseException

no viable alternative at input 'current_timestamp'(line 1, pos 7)

== SQL ==
select current_timestamp() = current_timestamp()
-------^^^


-- !query
select localtimestamp() = localtimestamp()
-- !query schema
struct<(localtimestamp() = localtimestamp()):boolean>
-- !query output
true


-- !query
SELECT make_timestamp(2021, 07, 11, 6, 30, 45.678)
-- !query schema
struct<make_timestamp(2021, 7, 11, 6, 30, 45.678):timestamp_ntz>
-- !query output
2021-07-11 06:30:45.678


-- !query
SELECT make_timestamp(2021, 07, 11, 6, 30, 45.678, 'CET')
-- !query schema
struct<make_timestamp(2021, 7, 11, 6, 30, 45.678, CET):timestamp_ntz>
-- !query output
2021-07-11 06:30:45.678


-- !query
SELECT make_timestamp(2021, 07, 11, 6, 30, 60.007)
-- !query schema
struct<>
-- !query output
java.time.DateTimeException
The fraction of sec must be zero. Valid range is [0, 60].


-- !query
select TIMESTAMP_SECONDS(1230219000),TIMESTAMP_SECONDS(-1230219000),TIMESTAMP_SECONDS(null)
-- !query schema
struct<timestamp_seconds(1230219000):timestamp,timestamp_seconds(-1230219000):timestamp,timestamp_seconds(NULL):timestamp>
-- !query output
2008-12-25 07:30:00	1931-01-07 00:30:00	NULL


-- !query
select TIMESTAMP_SECONDS(1.23), TIMESTAMP_SECONDS(1.23d), TIMESTAMP_SECONDS(FLOAT(1.23))
-- !query schema
struct<timestamp_seconds(1.23):timestamp,timestamp_seconds(1.23):timestamp,timestamp_seconds(1.23):timestamp>
-- !query output
1969-12-31 16:00:01.23	1969-12-31 16:00:01.23	1969-12-31 16:00:01.23


-- !query
select TIMESTAMP_MILLIS(1230219000123),TIMESTAMP_MILLIS(-1230219000123),TIMESTAMP_MILLIS(null)
-- !query schema
struct<timestamp_millis(1230219000123):timestamp,timestamp_millis(-1230219000123):timestamp,timestamp_millis(NULL):timestamp>
-- !query output
2008-12-25 07:30:00.123	1931-01-07 00:29:59.877	NULL


-- !query
select TIMESTAMP_MICROS(1230219000123123),TIMESTAMP_MICROS(-1230219000123123),TIMESTAMP_MICROS(null)
-- !query schema
struct<timestamp_micros(1230219000123123):timestamp,timestamp_micros(-1230219000123123):timestamp,timestamp_micros(NULL):timestamp>
-- !query output
2008-12-25 07:30:00.123123	1931-01-07 00:29:59.876877	NULL


-- !query
select TIMESTAMP_SECONDS(1230219000123123)
-- !query schema
struct<>
-- !query output
java.lang.ArithmeticException
long overflow


-- !query
select TIMESTAMP_SECONDS(-1230219000123123)
-- !query schema
struct<>
-- !query output
java.lang.ArithmeticException
long overflow


-- !query
select TIMESTAMP_MILLIS(92233720368547758)
-- !query schema
struct<>
-- !query output
java.lang.ArithmeticException
long overflow


-- !query
select TIMESTAMP_MILLIS(-92233720368547758)
-- !query schema
struct<>
-- !query output
java.lang.ArithmeticException
long overflow


-- !query
select TIMESTAMP_SECONDS(0.1234567)
-- !query schema
struct<>
-- !query output
java.lang.ArithmeticException
Rounding necessary


-- !query
select TIMESTAMP_SECONDS(0.1234567d), TIMESTAMP_SECONDS(FLOAT(0.1234567))
-- !query schema
struct<timestamp_seconds(0.1234567):timestamp,timestamp_seconds(0.1234567):timestamp>
-- !query output
1969-12-31 16:00:00.123456	1969-12-31 16:00:00.123456


-- !query
create temporary view ttf1 as select * from values
  (1, 2),
  (2, 3)
  as ttf1(`current_date`, `current_timestamp`)
-- !query schema
struct<>
-- !query output



-- !query
select typeof(current_date), typeof(current_timestamp) from ttf1
-- !query schema
struct<typeof(current_date()):string,typeof(current_timestamp()):string>
-- !query output
date	timestamp
date	timestamp


-- !query
create temporary view ttf2 as select * from values
  (1, 2),
  (2, 3)
  as ttf2(a, b)
-- !query schema
struct<>
-- !query output



-- !query
select current_date = current_date(), current_timestamp = current_timestamp(), a, b from ttf2
-- !query schema
struct<>
-- !query output
org.apache.spark.sql.catalyst.parser.ParseException

no viable alternative at input 'current_date'(line 1, pos 22)

== SQL ==
select current_date = current_date(), current_timestamp = current_timestamp(), a, b from ttf2
----------------------^^^


-- !query
select a, b from ttf2 order by a, current_date
-- !query schema
struct<a:int,b:int>
-- !query output
1	2
2	3


-- !query
select UNIX_SECONDS(timestamp'2020-12-01 14:30:08Z'), UNIX_SECONDS(timestamp'2020-12-01 14:30:08.999999Z'), UNIX_SECONDS(null)
-- !query schema
struct<unix_seconds(TIMESTAMP '2020-12-01 06:30:08'):bigint,unix_seconds(TIMESTAMP '2020-12-01 06:30:08.999999'):bigint,unix_seconds(NULL):bigint>
-- !query output
1606833008	1606833008	NULL


-- !query
select UNIX_MILLIS(timestamp'2020-12-01 14:30:08Z'), UNIX_MILLIS(timestamp'2020-12-01 14:30:08.999999Z'), UNIX_MILLIS(null)
-- !query schema
struct<unix_millis(TIMESTAMP '2020-12-01 06:30:08'):bigint,unix_millis(TIMESTAMP '2020-12-01 06:30:08.999999'):bigint,unix_millis(NULL):bigint>
-- !query output
1606833008000	1606833008999	NULL


-- !query
select UNIX_MICROS(timestamp'2020-12-01 14:30:08Z'), UNIX_MICROS(timestamp'2020-12-01 14:30:08.999999Z'), UNIX_MICROS(null)
-- !query schema
struct<unix_micros(TIMESTAMP '2020-12-01 06:30:08'):bigint,unix_micros(TIMESTAMP '2020-12-01 06:30:08.999999'):bigint,unix_micros(NULL):bigint>
-- !query output
1606833008000000	1606833008999999	NULL


-- !query
select to_timestamp(null), to_timestamp('2016-12-31 00:12:00'), to_timestamp('2016-12-31', 'yyyy-MM-dd')
-- !query schema
struct<to_timestamp(NULL):timestamp_ntz,to_timestamp(2016-12-31 00:12:00):timestamp_ntz,to_timestamp(2016-12-31, yyyy-MM-dd):timestamp_ntz>
-- !query output
NULL	2016-12-31 00:12:00	2016-12-31 00:00:00


-- !query
select to_timestamp('2019-10-06 10:11:12.', 'yyyy-MM-dd HH:mm:ss.SSSSSS[zzz]')
-- !query schema
struct<>
-- !query output
java.time.format.DateTimeParseException
Text '2019-10-06 10:11:12.' could not be parsed at index 20


-- !query
select to_timestamp('2019-10-06 10:11:12.0', 'yyyy-MM-dd HH:mm:ss.SSSSSS[zzz]')
-- !query schema
struct<to_timestamp(2019-10-06 10:11:12.0, yyyy-MM-dd HH:mm:ss.SSSSSS[zzz]):timestamp_ntz>
-- !query output
2019-10-06 10:11:12


-- !query
select to_timestamp('2019-10-06 10:11:12.1', 'yyyy-MM-dd HH:mm:ss.SSSSSS[zzz]')
-- !query schema
struct<to_timestamp(2019-10-06 10:11:12.1, yyyy-MM-dd HH:mm:ss.SSSSSS[zzz]):timestamp_ntz>
-- !query output
2019-10-06 10:11:12.1


-- !query
select to_timestamp('2019-10-06 10:11:12.12', 'yyyy-MM-dd HH:mm:ss.SSSSSS[zzz]')
-- !query schema
struct<to_timestamp(2019-10-06 10:11:12.12, yyyy-MM-dd HH:mm:ss.SSSSSS[zzz]):timestamp_ntz>
-- !query output
2019-10-06 10:11:12.12


-- !query
select to_timestamp('2019-10-06 10:11:12.123UTC', 'yyyy-MM-dd HH:mm:ss.SSSSSS[zzz]')
-- !query schema
struct<to_timestamp(2019-10-06 10:11:12.123UTC, yyyy-MM-dd HH:mm:ss.SSSSSS[zzz]):timestamp_ntz>
-- !query output
2019-10-06 10:11:12.123


-- !query
select to_timestamp('2019-10-06 10:11:12.1234', 'yyyy-MM-dd HH:mm:ss.SSSSSS[zzz]')
-- !query schema
struct<to_timestamp(2019-10-06 10:11:12.1234, yyyy-MM-dd HH:mm:ss.SSSSSS[zzz]):timestamp_ntz>
-- !query output
2019-10-06 10:11:12.1234


-- !query
select to_timestamp('2019-10-06 10:11:12.12345CST', 'yyyy-MM-dd HH:mm:ss.SSSSSS[zzz]')
-- !query schema
struct<to_timestamp(2019-10-06 10:11:12.12345CST, yyyy-MM-dd HH:mm:ss.SSSSSS[zzz]):timestamp_ntz>
-- !query output
2019-10-06 10:11:12.12345


-- !query
select to_timestamp('2019-10-06 10:11:12.123456PST', 'yyyy-MM-dd HH:mm:ss.SSSSSS[zzz]')
-- !query schema
struct<to_timestamp(2019-10-06 10:11:12.123456PST, yyyy-MM-dd HH:mm:ss.SSSSSS[zzz]):timestamp_ntz>
-- !query output
2019-10-06 10:11:12.123456


-- !query
select to_timestamp('2019-10-06 10:11:12.1234567PST', 'yyyy-MM-dd HH:mm:ss.SSSSSS[zzz]')
-- !query schema
struct<>
-- !query output
java.time.format.DateTimeParseException
Text '2019-10-06 10:11:12.1234567PST' could not be parsed, unparsed text found at index 26


-- !query
select to_timestamp('123456 2019-10-06 10:11:12.123456PST', 'SSSSSS yyyy-MM-dd HH:mm:ss.SSSSSS[zzz]')
-- !query schema
struct<to_timestamp(123456 2019-10-06 10:11:12.123456PST, SSSSSS yyyy-MM-dd HH:mm:ss.SSSSSS[zzz]):timestamp_ntz>
-- !query output
2019-10-06 10:11:12.123456


-- !query
select to_timestamp('223456 2019-10-06 10:11:12.123456PST', 'SSSSSS yyyy-MM-dd HH:mm:ss.SSSSSS[zzz]')
-- !query schema
struct<>
-- !query output
java.time.format.DateTimeParseException
Text '223456 2019-10-06 10:11:12.123456PST' could not be parsed at index 27


-- !query
select to_timestamp('2019-10-06 10:11:12.1234', 'yyyy-MM-dd HH:mm:ss.[SSSSSS]')
-- !query schema
struct<to_timestamp(2019-10-06 10:11:12.1234, yyyy-MM-dd HH:mm:ss.[SSSSSS]):timestamp_ntz>
-- !query output
2019-10-06 10:11:12.1234


-- !query
select to_timestamp('2019-10-06 10:11:12.123', 'yyyy-MM-dd HH:mm:ss[.SSSSSS]')
-- !query schema
struct<to_timestamp(2019-10-06 10:11:12.123, yyyy-MM-dd HH:mm:ss[.SSSSSS]):timestamp_ntz>
-- !query output
2019-10-06 10:11:12.123


-- !query
select to_timestamp('2019-10-06 10:11:12', 'yyyy-MM-dd HH:mm:ss[.SSSSSS]')
-- !query schema
struct<to_timestamp(2019-10-06 10:11:12, yyyy-MM-dd HH:mm:ss[.SSSSSS]):timestamp_ntz>
-- !query output
2019-10-06 10:11:12


-- !query
select to_timestamp('2019-10-06 10:11:12.12', 'yyyy-MM-dd HH:mm[:ss.SSSSSS]')
-- !query schema
struct<to_timestamp(2019-10-06 10:11:12.12, yyyy-MM-dd HH:mm[:ss.SSSSSS]):timestamp_ntz>
-- !query output
2019-10-06 10:11:12.12


-- !query
select to_timestamp('2019-10-06 10:11', 'yyyy-MM-dd HH:mm[:ss.SSSSSS]')
-- !query schema
struct<to_timestamp(2019-10-06 10:11, yyyy-MM-dd HH:mm[:ss.SSSSSS]):timestamp_ntz>
-- !query output
2019-10-06 10:11:00


-- !query
select to_timestamp("2019-10-06S10:11:12.12345", "yyyy-MM-dd'S'HH:mm:ss.SSSSSS")
-- !query schema
struct<to_timestamp(2019-10-06S10:11:12.12345, yyyy-MM-dd'S'HH:mm:ss.SSSSSS):timestamp_ntz>
-- !query output
2019-10-06 10:11:12.12345


-- !query
select to_timestamp("12.12342019-10-06S10:11", "ss.SSSSyyyy-MM-dd'S'HH:mm")
-- !query schema
struct<to_timestamp(12.12342019-10-06S10:11, ss.SSSSyyyy-MM-dd'S'HH:mm):timestamp_ntz>
-- !query output
2019-10-06 10:11:12.1234


-- !query
select to_timestamp("12.1232019-10-06S10:11", "ss.SSSSyyyy-MM-dd'S'HH:mm")
-- !query schema
struct<>
-- !query output
java.time.format.DateTimeParseException
Text '12.1232019-10-06S10:11' could not be parsed at index 7


-- !query
select to_timestamp("12.1232019-10-06S10:11", "ss.SSSSyy-MM-dd'S'HH:mm")
-- !query schema
struct<>
-- !query output
java.time.format.DateTimeParseException
Text '12.1232019-10-06S10:11' could not be parsed at index 9


-- !query
select to_timestamp("12.1234019-10-06S10:11", "ss.SSSSy-MM-dd'S'HH:mm")
-- !query schema
struct<to_timestamp(12.1234019-10-06S10:11, ss.SSSSy-MM-dd'S'HH:mm):timestamp_ntz>
-- !query output
0019-10-06 10:11:12.1234


-- !query
select to_timestamp("2019-10-06S", "yyyy-MM-dd'S'")
-- !query schema
struct<to_timestamp(2019-10-06S, yyyy-MM-dd'S'):timestamp_ntz>
-- !query output
2019-10-06 00:00:00


-- !query
select to_timestamp("S2019-10-06", "'S'yyyy-MM-dd")
-- !query schema
struct<to_timestamp(S2019-10-06, 'S'yyyy-MM-dd):timestamp_ntz>
-- !query output
2019-10-06 00:00:00


-- !query
select to_timestamp("2019-10-06T10:11:12'12", "yyyy-MM-dd'T'HH:mm:ss''SSSS")
-- !query schema
struct<to_timestamp(2019-10-06T10:11:12'12, yyyy-MM-dd'T'HH:mm:ss''SSSS):timestamp_ntz>
-- !query output
2019-10-06 10:11:12.12


-- !query
select to_timestamp("2019-10-06T10:11:12'", "yyyy-MM-dd'T'HH:mm:ss''")
-- !query schema
struct<to_timestamp(2019-10-06T10:11:12', yyyy-MM-dd'T'HH:mm:ss''):timestamp_ntz>
-- !query output
2019-10-06 10:11:12


-- !query
select to_timestamp("'2019-10-06T10:11:12", "''yyyy-MM-dd'T'HH:mm:ss")
-- !query schema
struct<to_timestamp('2019-10-06T10:11:12, ''yyyy-MM-dd'T'HH:mm:ss):timestamp_ntz>
-- !query output
2019-10-06 10:11:12


-- !query
select to_timestamp("P2019-10-06T10:11:12", "'P'yyyy-MM-dd'T'HH:mm:ss")
-- !query schema
struct<to_timestamp(P2019-10-06T10:11:12, 'P'yyyy-MM-dd'T'HH:mm:ss):timestamp_ntz>
-- !query output
2019-10-06 10:11:12


-- !query
select to_timestamp("16", "dd")
-- !query schema
struct<to_timestamp(16, dd):timestamp_ntz>
-- !query output
1970-01-16 00:00:00


-- !query
select to_timestamp("02-29", "MM-dd")
-- !query schema
struct<>
-- !query output
java.time.DateTimeException
Invalid date 'February 29' as '1970' is not a leap year


-- !query
select to_timestamp("2019 40", "yyyy mm")
-- !query schema
struct<to_timestamp(2019 40, yyyy mm):timestamp_ntz>
-- !query output
2019-01-01 00:40:00


-- !query
select to_timestamp("2019 10:10:10", "yyyy hh:mm:ss")
-- !query schema
struct<to_timestamp(2019 10:10:10, yyyy hh:mm:ss):timestamp_ntz>
-- !query output
2019-01-01 10:10:10


-- !query
select timestamp'2011-11-11 11:11:11' + interval '2' day
-- !query schema
struct<TIMESTAMP_NTZ '2011-11-11 11:11:11' + INTERVAL '2' DAY:timestamp_ntz>
-- !query output
2011-11-13 11:11:11


-- !query
select timestamp'2011-11-11 11:11:11' - interval '2' day
-- !query schema
struct<TIMESTAMP_NTZ '2011-11-11 11:11:11' - INTERVAL '2' DAY:timestamp_ntz>
-- !query output
2011-11-09 11:11:11


-- !query
select timestamp'2011-11-11 11:11:11' + interval '2' second
-- !query schema
struct<TIMESTAMP_NTZ '2011-11-11 11:11:11' + INTERVAL '02' SECOND:timestamp_ntz>
-- !query output
2011-11-11 11:11:13


-- !query
select timestamp'2011-11-11 11:11:11' - interval '2' second
-- !query schema
struct<TIMESTAMP_NTZ '2011-11-11 11:11:11' - INTERVAL '02' SECOND:timestamp_ntz>
-- !query output
2011-11-11 11:11:09


-- !query
select '2011-11-11 11:11:11' - interval '2' second
-- !query schema
struct<2011-11-11 11:11:11 - INTERVAL '02' SECOND:string>
-- !query output
2011-11-11 11:11:09


-- !query
select '1' - interval '2' second
-- !query schema
struct<>
-- !query output
java.time.DateTimeException
Cannot cast 1 to TimestampType.


-- !query
select 1 - interval '2' second
-- !query schema
struct<>
-- !query output
org.apache.spark.sql.AnalysisException
cannot resolve '1 + (- INTERVAL '02' SECOND)' due to data type mismatch: argument 1 requires (timestamp or timestamp without time zone) type, however, '1' is of int type.; line 1 pos 7


-- !query
select date'2020-01-01' - timestamp'2019-10-06 10:11:12.345678'
-- !query schema
struct<(DATE '2020-01-01' - TIMESTAMP_NTZ '2019-10-06 10:11:12.345678'):interval day to second>
-- !query output
86 13:48:47.654322000


-- !query
select timestamp'2019-10-06 10:11:12.345678' - date'2020-01-01'
-- !query schema
struct<(TIMESTAMP_NTZ '2019-10-06 10:11:12.345678' - DATE '2020-01-01'):interval day to second>
-- !query output
-86 13:48:47.654322000


-- !query
select timestamp'2019-10-06 10:11:12.345678' - null
-- !query schema
struct<(TIMESTAMP_NTZ '2019-10-06 10:11:12.345678' - NULL):interval day to second>
-- !query output
NULL


-- !query
select null - timestamp'2019-10-06 10:11:12.345678'
-- !query schema
struct<(NULL - TIMESTAMP_NTZ '2019-10-06 10:11:12.345678'):interval day to second>
-- !query output
NULL


-- !query
select to_timestamp('2019-10-06 A', 'yyyy-MM-dd GGGGG')
-- !query schema
struct<>
-- !query output
java.lang.RuntimeException
Fail to recognize 'yyyy-MM-dd GGGGG' pattern in the DateTimeFormatter. You can form a valid datetime pattern with the guide from https://spark.apache.org/docs/latest/sql-ref-datetime-pattern.html


-- !query
select to_timestamp('22 05 2020 Friday', 'dd MM yyyy EEEEEE')
-- !query schema
struct<>
-- !query output
java.lang.RuntimeException
Fail to recognize 'dd MM yyyy EEEEEE' pattern in the DateTimeFormatter. You can form a valid datetime pattern with the guide from https://spark.apache.org/docs/latest/sql-ref-datetime-pattern.html


-- !query
select to_timestamp('22 05 2020 Friday', 'dd MM yyyy EEEEE')
-- !query schema
struct<>
-- !query output
java.lang.RuntimeException
Fail to recognize 'dd MM yyyy EEEEE' pattern in the DateTimeFormatter. You can form a valid datetime pattern with the guide from https://spark.apache.org/docs/latest/sql-ref-datetime-pattern.html


-- !query
select unix_timestamp('22 05 2020 Friday', 'dd MM yyyy EEEEE')
-- !query schema
struct<>
-- !query output
org.apache.spark.SparkUpgradeException
You may get a different result due to the upgrading of Spark 3.0: Fail to recognize 'dd MM yyyy EEEEE' pattern in the DateTimeFormatter. 1) You can set spark.sql.legacy.timeParserPolicy to LEGACY to restore the behavior before Spark 3.0. 2) You can form a valid datetime pattern with the guide from https://spark.apache.org/docs/latest/sql-ref-datetime-pattern.html


-- !query
select from_json('{"t":"26/October/2015"}', 't Timestamp', map('timestampFormat', 'dd/MMMMM/yyyy'))
-- !query schema
struct<from_json({"t":"26/October/2015"}):struct<t:timestamp_ntz>>
-- !query output
{"t":null}


-- !query
select from_csv('26/October/2015', 't Timestamp', map('timestampFormat', 'dd/MMMMM/yyyy'))
-- !query schema
struct<>
-- !query output
java.lang.Exception
Unsupported type: timestamp_ntz
